N,P,K,temperature,humidity,ph,rainfall,label
21.6,59.5,14.2,31.6,38.25,5.8,166.3,pigeonpeas
108.8,47.2,31.8,16.75,64.06,6.19,58.64,wheat
90.5,87.8,36.1,30.23,79.7,5.83,84.56,banana
67.5,23.9,20.4,28.57,60.72,6.3,67.92,maize
87.6,23.1,44.9,30.03,85.92,6.19,50.67,watermelon
65.2,56.7,39.6,28.71,95.68,6.41,188.56,rice
24.1,18.3,28.3,27.54,99.61,6.31,162.45,coconut
48.4,86.2,15.5,28.98,67.9,6.45,67.92,blackgram
93.4,46.5,48.7,21.16,60.3,7.79,72.46,wheat
27.5,55.1,14.9,29.81,65.72,6.81,59.35,lentil
103.5,35.6,28.7,23.15,75.81,6.27,157.56,rice
81.5,38.6,54.1,26.37,81.0,6.08,211.47,rice
119.9,86.3,54.2,30.37,83.65,6.45,68.6,banana
32.6,58.3,54.4,34.6,90.86,6.71,170.31,papaya
20.9,45.9,11.7,29.25,33.32,6.61,34.11,mothbeans
26.0,51.4,19.4,20.54,82.25,7.09,53.37,mungbean
26.1,33.2,32.7,31.11,44.84,5.26,88.17,mango
91.2,21.2,47.8,25.67,88.2,7.09,62.15,watermelon
10.2,56.2,23.5,19.57,13.39,5.32,125.98,kidneybeans
116.2,82.5,55.1,25.26,89.0,6.52,98.54,banana
45.3,67.3,71.7,25.57,18.06,7.63,118.51,chickpea
14.6,19.5,46.0,14.69,87.43,6.9,92.4,pomegranate
30.8,128.6,178.8,22.14,98.12,5.79,113.17,apple
18.3,28.8,33.3,29.83,40.08,5.63,104.34,mango
18.5,69.8,26.5,34.76,52.78,5.08,154.24,pigeonpeas
55.5,46.6,53.8,32.58,86.0,6.42,156.91,papaya
70.6,48.0,53.8,20.83,79.43,7.08,221.62,rice
17.8,136.2,206.8,24.01,90.99,6.06,115.31,apple
26.4,17.9,33.2,27.05,99.29,6.0,165.69,coconut
98.5,46.5,43.7,23.45,85.7,6.34,257.92,rice
47.6,82.6,61.9,18.42,15.38,7.98,73.9,chickpea
20.3,67.0,15.1,29.93,55.72,6.95,57.38,lentil
48.3,46.0,54.9,39.05,90.57,7.39,109.29,papaya
89.8,49.9,36.8,27.69,90.7,7.21,158.41,jute
79.1,81.4,42.9,26.24,87.07,6.03,83.21,banana
68.6,54.1,23.4,28.07,56.56,6.59,72.84,maize
59.8,71.2,47.9,33.65,90.48,6.84,158.25,papaya
21.5,15.6,34.3,28.04,96.4,6.47,190.93,coconut
60.3,64.9,38.4,29.7,90.89,7.0,138.97,papaya
18.2,25.2,31.1,29.75,47.92,6.26,99.29,mango
118.5,88.5,45.3,29.05,75.39,5.72,126.21,banana
107.5,51.1,20.8,26.68,75.97,7.47,78.83,cotton
103.0,36.0,31.8,23.89,50.39,6.79,164.88,coffee
18.3,11.0,11.5,20.52,82.95,6.89,94.94,orange
67.6,41.9,42.0,23.79,64.91,6.33,156.58,jute
34.2,69.6,19.0,17.7,24.6,5.55,119.28,kidneybeans
24.9,69.4,24.0,25.93,39.35,5.8,217.23,pigeonpeas
70.3,45.3,35.7,19.14,86.05,6.99,234.81,rice
17.6,20.7,6.6,22.35,98.06,6.64,117.82,orange
11.8,51.8,26.6,31.4,62.99,6.51,60.18,mothbeans
29.3,18.9,41.6,21.24,95.59,7.12,110.72,pomegranate
42.4,63.0,61.9,32.32,87.61,6.55,137.37,papaya
90.2,20.0,47.8,29.93,79.75,6.37,51.76,watermelon
66.5,58.7,47.1,26.32,77.95,6.61,151.73,jute
25.7,131.0,208.2,34.91,76.49,6.24,74.9,grapes
101.8,32.6,25.6,21.16,58.27,7.32,171.28,coffee
23.7,15.5,9.1,23.31,80.15,7.32,107.8,orange
48.7,44.5,46.6,29.41,84.02,6.53,136.17,papaya
20.0,66.7,22.9,26.65,62.0,6.73,47.25,lentil
19.7,41.9,18.6,31.71,65.17,6.68,47.71,mothbeans
120.0,16.5,51.0,25.96,90.84,6.52,24.27,muskmelon
90.3,17.8,52.8,29.16,86.91,6.44,19.66,muskmelon
91.5,20.7,52.9,27.76,87.71,5.73,57.79,watermelon
19.4,153.6,201.9,23.23,98.14,5.79,125.93,apple
17.0,22.7,43.6,17.83,89.04,7.02,161.83,pomegranate
15.7,24.4,4.2,18.05,95.83,7.15,127.26,orange
61.8,45.1,45.0,23.36,81.99,6.7,199.54,jute
130.7,31.2,14.3,23.47,83.41,7.03,73.92,cotton
16.3,17.7,39.0,26.95,84.83,6.56,135.09,pomegranate
20.3,110.7,204.0,21.81,89.24,5.78,111.06,apple
28.8,57.7,13.1,25.21,58.06,5.56,155.27,pigeonpeas
22.8,134.3,186.7,18.14,95.88,5.65,108.14,apple
61.3,50.0,38.5,30.06,78.33,6.56,187.93,rice
139.7,54.0,16.6,24.39,73.11,6.73,72.2,cotton
94.9,10.8,52.8,26.72,85.63,6.61,41.45,watermelon
25.1,77.6,14.6,31.96,62.51,6.45,73.02,blackgram
65.7,65.4,46.0,22.74,87.58,5.89,92.4,banana
21.3,71.9,17.5,23.86,42.98,7.7,43.73,lentil
25.2,72.9,13.5,28.64,43.86,5.25,149.36,pigeonpeas
15.1,18.4,10.9,24.15,97.51,7.9,113.31,orange
96.3,13.4,61.9,20.69,93.64,6.49,23.17,muskmelon
98.8,35.4,18.6,26.91,67.68,6.15,75.99,maize
15.2,141.7,194.7,21.12,96.79,5.67,126.47,apple
15.9,24.8,42.5,19.45,95.15,6.76,110.93,pomegranate
13.3,116.4,203.8,22.78,86.09,5.74,70.34,grapes
44.2,61.1,81.0,18.21,16.03,6.81,86.96,chickpea
40.5,77.8,80.7,17.72,27.88,8.03,82.95,chickpea
19.9,71.2,20.9,26.38,62.7,6.1,138.23,pigeonpeas
27.0,52.9,21.1,22.28,40.38,5.63,179.58,pigeonpeas
96.6,21.4,55.5,27.54,91.51,6.44,38.43,watermelon
23.1,54.3,20.4,23.78,58.99,7.64,50.51,mothbeans
19.3,46.9,18.3,28.75,40.93,6.79,56.41,mothbeans
24.9,73.5,24.8,18.63,58.66,7.16,43.61,lentil
21.6,57.8,15.1,26.7,72.08,7.01,39.06,lentil
126.4,54.4,21.4,25.94,81.59,6.18,71.49,cotton
24.9,52.7,25.9,24.68,54.4,5.77,41.41,mothbeans
25.3,41.7,24.6,24.04,90.89,5.72,46.21,mungbean
20.8,18.2,11.3,28.6,86.29,7.66,85.63,orange
112.5,14.9,57.4,25.81,93.47,5.84,32.27,muskmelon
69.3,54.7,30.9,24.94,84.51,6.02,294.98,rice
95.5,46.0,45.2,19.91,65.13,7.16,76.21,wheat
36.5,69.5,15.4,32.2,65.13,7.46,77.93,blackgram
16.2,58.4,22.7,31.42,80.6,6.03,52.52,mungbean
124.3,18.1,26.8,28.71,47.65,6.75,144.73,coffee
112.7,18.3,41.3,23.73,62.02,6.59,185.19,coffee
91.3,15.4,48.1,26.66,89.32,6.36,17.83,muskmelon
16.0,12.8,33.0,19.22,86.27,6.52,110.72,pomegranate
58.9,44.5,54.4,35.53,90.42,7.41,142.13,papaya
23.7,53.1,23.2,26.1,49.31,4.97,150.6,pigeonpeas
20.2,20.9,8.4,22.42,93.33,6.97,103.86,orange
116.9,17.2,54.3,26.01,93.61,6.38,33.96,muskmelon
24.0,73.7,65.5,16.62,21.05,7.58,89.97,chickpea
105.2,70.4,45.4,25.73,75.08,6.3,95.24,banana
11.0,20.4,31.2,26.3,91.72,5.19,148.59,coconut
24.9,24.1,34.3,18.23,97.97,6.49,91.85,pomegranate
18.7,32.5,24.8,28.33,80.61,6.78,51.34,mungbean
103.9,16.3,38.8,27.14,96.14,6.43,26.31,muskmelon
119.3,77.3,61.3,21.17,76.93,6.21,122.03,banana
15.3,73.5,23.5,34.32,67.3,6.74,49.58,lentil
118.0,14.1,52.6,25.36,76.92,6.68,51.69,watermelon
122.5,38.7,23.6,24.06,82.19,6.48,83.27,cotton
128.5,46.6,18.4,22.24,90.55,6.69,34.73,cotton
10.9,119.3,200.0,18.75,87.13,4.91,95.81,apple
65.5,59.6,43.3,32.59,93.93,6.56,147.75,papaya
28.3,118.0,179.5,22.01,89.7,6.41,104.69,apple
121.3,52.2,19.1,24.08,84.52,6.69,91.92,cotton
13.1,57.7,14.4,26.86,47.39,5.01,153.86,pigeonpeas
22.6,60.5,23.6,23.95,34.75,5.94,117.66,pigeonpeas
16.8,143.0,203.0,18.6,89.29,5.42,116.14,apple
17.8,34.5,22.6,29.55,65.26,6.7,52.91,mothbeans
17.2,30.2,30.7,31.28,38.69,5.55,82.95,mango
19.3,76.7,17.1,22.56,18.58,6.01,100.72,kidneybeans
14.8,22.1,29.8,28.76,50.33,5.75,102.5,mango
18.4,15.4,2.8,24.88,95.53,6.68,87.6,orange
23.9,41.3,16.8,29.53,90.4,6.29,44.49,mungbean
109.3,19.8,44.4,22.15,77.05,6.72,56.96,watermelon
27.3,80.7,20.8,31.66,63.3,7.2,54.52,blackgram
25.3,50.7,13.3,32.13,56.34,7.3,52.62,mothbeans
25.3,16.1,31.9,24.57,100.0,6.18,205.5,coconut
34.2,76.2,48.1,34.04,96.49,6.81,160.84,papaya
93.8,70.6,57.4,26.75,76.67,5.93,132.08,banana
46.2,28.9,39.4,23.69,84.07,6.02,198.27,rice
76.6,66.0,31.1,23.18,73.06,6.72,228.24,rice
18.9,142.8,170.5,20.46,88.73,5.7,116.48,apple
92.9,78.8,49.1,24.71,74.65,6.1,87.61,banana
78.9,57.3,18.9,21.55,67.96,6.17,61.52,maize
22.0,21.5,9.4,18.23,90.8,6.97,98.72,orange
90.4,65.4,42.5,22.63,84.79,5.56,100.87,banana
11.8,125.8,226.1,24.7,89.56,6.09,105.65,apple
20.6,63.5,16.7,22.71,13.83,6.96,128.08,kidneybeans
43.9,60.5,22.4,35.42,67.94,7.27,59.19,blackgram
121.6,78.6,53.0,30.02,82.88,5.77,86.25,banana
81.9,54.9,38.2,24.29,77.34,7.05,220.14,rice
69.1,39.6,10.6,21.23,49.98,6.64,80.21,maize
19.2,34.0,24.4,32.96,49.6,6.19,65.5,mothbeans
40.9,52.5,20.9,24.12,59.64,7.04,86.42,blackgram
68.5,55.2,20.0,32.65,62.57,6.83,97.94,maize
18.5,132.1,197.7,13.25,76.76,6.51,78.6,grapes
24.3,16.3,24.6,34.18,98.23,6.36,165.04,coconut
119.1,37.9,18.4,30.23,59.12,5.88,87.61,maize
87.1,33.4,38.4,25.88,71.68,6.49,164.68,jute
25.7,43.2,21.0,24.0,47.06,6.96,64.62,mothbeans
11.7,22.8,25.3,31.86,46.13,5.74,114.67,mango
54.1,69.4,46.4,36.3,91.87,6.9,140.93,papaya
26.1,59.2,16.2,29.87,52.4,7.32,53.34,mothbeans
46.4,43.0,19.1,20.95,57.05,5.76,86.41,maize
94.3,45.2,41.3,25.66,88.91,6.78,173.65,jute
25.4,16.2,13.5,19.27,88.79,7.55,125.89,orange
113.6,67.5,62.2,32.53,79.97,6.55,95.35,banana
17.5,17.7,10.6,22.01,95.13,6.93,116.01,orange
22.7,50.3,21.1,30.74,46.9,7.3,53.99,mothbeans
26.5,45.8,22.7,27.75,56.49,6.82,50.44,mothbeans
19.4,49.8,8.6,27.8,70.87,6.32,55.91,mothbeans
98.6,46.2,10.1,25.09,64.35,5.76,103.66,maize
23.9,39.6,9.3,25.12,80.22,7.17,36.52,mungbean
28.6,47.8,27.4,28.33,31.66,6.06,123.69,pigeonpeas
19.2,21.3,37.9,34.71,41.76,5.74,103.04,mango
89.2,14.5,51.6,21.37,80.5,7.34,28.79,watermelon
64.4,62.5,12.3,21.73,60.47,7.07,64.73,maize
17.0,16.8,29.6,24.08,95.77,5.73,196.41,coconut
23.5,139.1,199.0,19.34,92.65,5.49,116.96,apple
27.9,18.3,30.2,24.54,100.0,5.32,193.08,coconut
100.0,93.4,46.8,27.9,72.82,5.51,113.01,banana
79.7,39.0,38.1,21.72,81.97,6.65,240.34,rice
18.1,135.0,188.3,20.36,94.07,5.79,74.64,apple
18.2,64.0,17.9,31.62,44.61,4.86,161.62,pigeonpeas
21.8,72.9,16.6,15.16,70.97,6.25,44.28,lentil
17.8,57.5,23.6,26.67,90.01,6.55,57.13,mungbean
142.8,45.8,18.3,19.48,81.82,7.11,98.98,cotton
83.0,62.7,33.2,29.35,75.19,6.69,149.09,jute
17.9,24.0,10.3,28.55,94.55,6.67,139.79,orange
40.6,78.2,25.5,30.38,68.04,7.03,63.08,blackgram
23.3,137.0,179.5,18.22,98.52,6.05,105.61,apple
112.2,55.3,13.3,20.25,76.62,6.78,68.27,cotton
26.6,47.8,24.4,30.81,77.99,6.63,41.71,mungbean
129.9,26.2,23.2,30.69,67.31,6.83,151.54,coffee
100.5,86.0,48.9,24.44,79.34,5.7,111.07,banana
31.2,15.6,9.9,22.47,92.63,7.43,99.16,orange
22.1,79.0,15.7,23.39,15.47,6.08,100.26,kidneybeans
16.1,55.9,23.5,27.04,56.53,6.83,72.73,mothbeans
28.5,76.5,77.4,18.17,12.85,7.14,102.27,chickpea
89.8,16.6,54.6,36.38,89.74,6.64,21.41,muskmelon
23.2,19.9,41.3,21.1,96.24,7.04,96.13,pomegranate
13.0,28.5,34.5,29.03,58.35,6.13,124.46,mango
21.4,64.3,26.1,19.8,23.67,4.13,114.06,kidneybeans
67.6,42.2,26.1,29.39,85.84,6.17,68.17,maize
110.3,19.0,45.0,28.4,78.83,6.58,48.13,watermelon
22.4,17.0,32.2,28.44,97.85,5.96,156.59,coconut
121.8,21.2,25.8,19.74,69.68,6.66,110.93,coffee
28.2,14.9,35.9,28.6,98.35,5.67,223.34,coconut
29.1,9.5,6.7,21.81,100.0,7.94,102.92,orange
16.3,16.4,6.9,21.72,89.82,7.12,115.58,orange
24.6,138.1,199.2,19.33,84.8,6.7,111.16,apple
25.5,16.1,19.6,24.88,96.74,5.82,180.85,coconut
30.0,37.1,27.1,27.65,57.33,7.24,63.53,mothbeans
15.1,61.8,19.2,22.48,77.39,6.99,54.53,lentil
25.6,137.2,193.2,27.48,78.37,5.85,57.8,grapes
94.3,14.2,49.3,28.56,94.22,5.63,22.35,muskmelon
95.2,79.6,52.7,28.02,78.24,5.96,94.12,banana
17.2,60.5,18.3,26.96,68.88,6.92,72.42,lentil
80.4,78.9,53.7,26.94,68.47,5.72,114.24,banana
109.9,21.9,48.3,31.54,92.86,7.14,19.13,muskmelon
99.8,37.2,44.6,18.57,72.67,6.21,191.71,jute
13.9,157.4,201.9,20.02,96.7,6.23,140.72,apple
12.1,13.1,42.1,24.02,95.26,6.02,76.17,pomegranate
109.5,20.7,27.3,25.55,67.4,6.92,196.51,coffee
50.1,56.1,56.8,35.06,91.4,6.15,145.37,papaya
35.3,127.9,183.2,16.5,88.13,5.91,104.04,apple
116.5,78.8,44.4,21.08,72.63,6.03,102.62,banana
94.0,48.3,38.9,20.62,63.27,6.41,143.74,jute
22.3,14.7,28.2,25.04,95.93,5.62,153.0,coconut
76.2,45.0,23.2,25.32,57.17,6.53,109.66,maize
27.6,130.6,206.0,16.42,78.35,5.65,56.26,grapes
110.6,39.8,17.5,25.06,70.85,5.51,110.95,maize
103.6,39.7,26.5,23.3,82.84,7.09,72.05,maize
31.7,55.1,83.2,18.23,18.87,7.43,86.54,chickpea
14.8,18.4,50.0,19.84,90.88,6.76,106.54,pomegranate
17.8,114.3,203.6,25.4,79.85,7.32,74.36,grapes
82.9,46.0,55.2,22.08,64.96,6.49,86.51,wheat
106.5,24.2,55.1,25.62,80.59,6.18,49.64,watermelon
65.4,55.9,27.8,26.1,76.16,5.09,88.27,maize
24.8,66.2,26.1,21.4,27.95,5.67,110.44,kidneybeans
78.2,48.7,24.2,23.48,60.36,5.64,48.51,maize
18.0,26.0,36.5,28.45,87.95,5.79,111.57,pomegranate
23.8,137.1,180.5,26.16,81.01,5.95,64.07,grapes
123.1,29.0,27.7,25.81,52.19,7.0,109.77,coffee
79.4,29.0,53.7,29.85,82.91,6.38,47.34,watermelon
56.9,51.1,13.8,17.62,77.77,6.53,68.92,maize
20.7,48.8,18.2,25.48,83.89,6.15,54.11,mungbean
78.6,38.9,34.9,27.14,72.86,6.7,127.76,jute
22.4,20.6,29.3,31.43,54.71,5.2,92.24,mango
14.2,56.6,17.2,28.27,85.53,6.66,57.79,mungbean
119.4,83.9,44.3,25.94,79.74,5.29,113.69,banana
25.7,120.4,180.4,21.05,83.95,5.56,77.71,grapes
23.9,142.0,191.8,21.38,95.44,6.41,112.41,apple
99.4,50.1,35.5,19.48,48.3,6.75,82.95,wheat
25.7,71.1,78.2,19.84,14.26,7.24,70.64,chickpea
41.9,57.4,72.6,18.99,18.86,7.33,46.9,chickpea
46.6,38.8,56.3,35.65,85.52,5.86,141.01,papaya
42.7,64.1,22.3,30.95,67.34,6.95,72.96,blackgram
91.5,28.8,52.9,24.76,75.15,7.4,254.32,rice
23.7,78.9,73.4,23.39,24.62,8.22,77.14,chickpea
54.2,47.6,17.2,34.82,63.3,5.97,104.77,maize
34.0,54.0,17.6,26.03,51.75,7.2,63.46,mothbeans
20.9,54.8,18.9,22.89,24.71,6.15,143.5,kidneybeans
83.4,30.5,48.1,25.27,85.09,6.74,161.17,jute
102.2,82.7,59.2,24.17,68.5,5.78,90.69,banana
20.4,20.6,34.8,22.95,86.13,6.17,96.55,pomegranate
23.8,35.3,34.2,33.03,51.9,5.6,85.29,mango
90.8,16.0,50.0,25.29,90.56,6.06,29.48,muskmelon
78.2,56.7,35.8,23.59,83.08,7.16,232.04,rice
12.2,72.1,21.8,30.36,42.1,5.97,113.3,pigeonpeas
13.2,143.3,168.2,18.65,100.0,6.09,108.47,apple
68.3,50.6,43.4,29.84,78.24,6.62,160.01,jute
23.5,57.9,17.0,29.52,90.24,7.12,61.45,mungbean
104.4,33.5,39.1,16.63,52.9,6.17,65.8,wheat
25.9,23.7,40.9,26.04,89.69,6.35,88.08,pomegranate
21.4,120.6,200.5,26.1,77.77,5.92,70.12,grapes
84.4,22.1,44.8,20.66,90.16,6.33,38.36,watermelon
102.3,38.9,10.0,26.92,81.05,6.48,76.36,cotton
17.6,13.2,12.6,18.51,91.08,6.91,113.89,orange
113.4,80.9,52.6,25.18,79.01,5.27,103.19,banana
24.6,137.4,195.1,28.52,82.45,5.87,75.4,grapes
25.3,62.9,18.4,21.13,18.99,5.54,136.21,kidneybeans
15.4,62.2,21.9,29.84,58.17,6.03,153.85,pigeonpeas
39.9,67.6,75.8,19.23,17.9,7.9,103.1,chickpea
34.3,70.8,23.7,28.75,67.91,6.42,89.62,blackgram
26.6,43.5,25.7,28.54,81.75,6.7,62.4,mungbean
110.2,36.0,23.7,23.31,57.3,5.98,197.03,coffee
135.7,43.1,18.7,23.81,82.46,7.47,89.27,cotton
46.0,72.1,25.6,32.21,60.93,7.14,72.93,blackgram
16.6,69.2,15.8,25.09,53.35,7.32,53.99,lentil
71.5,14.9,49.8,26.87,90.8,6.61,43.77,watermelon
111.7,29.1,12.7,25.23,54.0,6.74,178.87,coffee
19.7,72.2,20.8,19.65,22.48,5.37,139.02,kidneybeans
34.2,64.8,91.9,15.08,17.3,7.32,94.55,chickpea
93.5,11.3,47.6,22.67,88.64,6.7,55.92,watermelon
122.5,38.2,20.5,23.18,77.17,6.93,63.36,cotton
16.8,34.8,23.6,26.19,88.98,6.64,76.13,mungbean
21.3,69.0,13.5,19.1,68.96,6.74,43.18,lentil
60.0,47.1,28.3,28.08,82.89,7.13,209.59,jute
70.5,60.2,43.0,22.77,81.06,7.11,183.94,jute
23.0,19.2,32.0,32.81,49.15,5.42,100.44,mango
49.2,68.9,21.5,30.08,72.38,7.41,77.44,blackgram
47.1,67.6,73.7,13.67,12.5,6.65,80.4,chickpea
14.5,137.6,187.8,25.91,91.13,5.61,111.95,apple
42.1,68.3,17.8,28.0,70.28,7.56,91.58,blackgram
74.5,49.0,30.1,24.66,74.74,6.84,235.1,rice
77.4,49.7,43.0,22.47,84.53,7.27,201.77,rice
24.4,53.5,28.7,19.65,18.82,6.09,61.04,kidneybeans
16.9,67.1,24.1,18.9,27.97,5.71,136.66,kidneybeans
20.3,60.4,11.1,28.51,87.96,6.42,52.83,mungbean
23.5,74.1,19.2,20.56,18.94,5.0,115.44,kidneybeans
93.7,41.1,42.7,21.74,49.83,6.4,57.5,wheat
41.3,27.8,28.9,27.21,76.79,6.29,200.09,rice
110.7,38.7,21.2,22.87,80.4,7.06,91.74,cotton
102.0,56.5,38.1,19.05,58.38,6.38,74.22,wheat
25.4,80.4,24.7,18.92,25.76,5.11,107.01,kidneybeans
147.2,35.1,17.2,25.45,82.74,6.69,88.35,cotton
22.2,137.4,208.0,22.49,92.82,5.97,103.44,apple
40.4,56.8,61.4,33.76,93.02,6.86,149.58,papaya
28.8,59.7,9.3,19.91,23.88,5.13,97.63,kidneybeans
137.2,45.3,16.6,27.32,81.8,7.48,98.99,cotton
20.8,29.3,36.0,32.92,50.82,5.72,91.23,mango
18.3,20.9,29.1,27.97,45.94,5.57,120.83,mango
21.1,75.1,23.9,23.67,73.13,6.51,63.11,lentil
32.9,68.6,45.5,36.64,99.71,7.65,133.02,papaya
58.6,65.2,50.4,34.42,92.71,6.31,114.37,papaya
21.1,24.3,42.4,21.08,92.32,6.3,134.18,pomegranate
27.9,8.3,11.6,26.87,93.17,7.26,92.86,orange
117.4,35.2,23.5,24.7,60.63,6.71,129.43,coffee
72.6,58.9,21.2,24.53,82.86,6.11,276.75,rice
15.8,33.7,24.5,29.44,52.66,5.68,91.21,mango
23.8,19.0,28.7,29.58,96.08,6.08,175.93,coconut
39.3,71.3,69.8,17.66,11.58,6.87,69.36,chickpea
100.4,25.4,27.7,26.51,65.08,6.67,163.25,coffee
55.0,66.8,69.2,21.96,21.15,7.21,91.58,chickpea
19.5,125.1,217.7,22.91,78.95,6.33,79.57,grapes
25.2,45.6,26.9,31.89,62.82,7.53,55.16,mothbeans
42.4,68.2,69.3,13.25,23.85,7.21,87.57,chickpea
21.5,69.1,24.3,19.52,64.75,5.76,41.8,lentil
31.6,18.7,23.0,25.49,92.95,6.0,179.54,coconut
21.6,22.3,40.1,25.4,92.56,7.05,111.89,pomegranate
94.6,45.4,39.3,22.84,78.93,5.75,276.4,rice
25.4,22.8,32.7,34.32,42.67,5.45,108.06,mango
40.3,79.2,75.6,17.9,19.67,7.51,92.79,chickpea
15.4,43.9,23.6,27.45,52.14,6.3,85.49,mothbeans
36.0,154.6,212.0,24.21,99.83,5.82,104.15,apple
28.7,17.2,33.2,31.14,96.41,6.21,114.43,coconut
98.0,44.4,37.5,22.36,72.98,6.26,93.52,wheat
23.7,122.6,223.8,23.03,83.51,5.79,61.96,grapes
18.1,59.9,19.9,28.77,86.44,7.34,49.58,mungbean
21.1,23.6,34.2,30.37,97.89,5.95,173.29,coconut
29.9,77.1,81.6,11.57,17.09,7.23,90.66,chickpea
127.0,31.9,27.5,26.56,55.38,6.57,170.81,coffee
106.8,18.0,53.8,26.3,94.57,6.54,25.75,muskmelon
107.3,28.2,25.3,29.18,50.74,6.04,165.31,coffee
49.6,67.4,66.4,17.6,16.4,7.82,97.04,chickpea
22.5,63.4,28.7,18.11,28.05,6.26,123.94,kidneybeans
84.9,41.5,18.9,24.2,48.73,5.92,103.76,maize
17.2,28.7,44.8,18.77,90.65,6.07,121.42,pomegranate
16.5,34.3,18.7,31.78,92.94,7.11,26.8,mungbean
19.9,60.6,19.5,25.84,57.77,7.27,46.34,mothbeans
44.8,61.8,51.2,36.12,95.96,6.97,136.62,papaya
94.1,26.9,53.8,26.58,84.4,5.94,38.5,watermelon
88.3,56.6,33.8,19.13,71.94,5.7,92.83,wheat
99.4,17.6,50.7,25.4,88.46,7.41,35.37,watermelon
98.8,22.3,49.1,27.96,89.81,7.12,52.36,watermelon
94.2,46.3,8.6,23.14,50.73,6.09,83.84,maize
13.7,158.4,197.5,22.35,91.38,5.3,82.2,grapes
15.9,11.7,34.7,30.39,93.79,6.67,169.29,coconut
13.3,17.6,25.2,35.42,46.99,6.12,104.84,mango
19.0,60.5,20.5,28.9,57.07,6.14,159.24,pigeonpeas
97.0,23.4,26.8,24.83,54.1,6.5,202.24,coffee
114.5,18.4,27.0,25.72,59.05,6.94,175.68,coffee
91.6,54.8,34.1,28.4,71.56,6.2,200.67,jute
48.6,51.3,29.1,20.3,70.14,5.84,252.05,rice
71.9,40.1,29.2,22.08,78.87,5.95,80.86,maize
55.5,71.6,21.2,31.12,67.25,7.64,76.72,blackgram
70.5,57.5,36.6,26.31,80.76,6.84,203.04,jute
89.2,46.1,15.5,20.12,67.18,5.87,86.76,maize
23.4,58.0,19.9,21.62,52.08,7.01,44.98,lentil
18.9,45.1,22.3,29.49,82.26,6.49,28.99,mungbean
27.7,67.9,23.9,24.64,24.52,5.62,97.65,kidneybeans
9.7,65.9,27.8,22.12,64.81,7.94,46.38,lentil
15.4,14.0,41.2,22.88,86.71,6.21,114.36,pomegranate
90.9,48.2,30.0,24.91,71.01,5.82,76.88,maize
23.0,63.7,11.8,23.56,78.96,7.09,39.04,mungbean
96.3,23.4,49.1,27.0,88.64,7.12,46.7,watermelon
24.0,127.5,234.4,20.14,89.52,6.72,143.27,apple
16.3,66.4,27.9,24.07,37.81,6.34,142.95,pigeonpeas
118.0,16.6,45.9,33.75,93.58,6.95,23.29,muskmelon
13.4,61.5,23.4,27.54,52.94,6.79,46.68,lentil
38.4,46.3,15.9,34.09,60.1,7.15,99.65,blackgram
97.9,35.6,56.2,17.03,63.45,7.08,73.36,wheat
12.6,15.1,46.7,23.26,94.04,5.72,99.27,pomegranate
39.7,46.7,19.4,27.92,61.25,7.45,66.53,blackgram
70.6,41.4,43.7,28.43,74.29,6.13,162.71,jute
140.9,49.3,18.1,23.3,80.61,7.3,91.85,cotton
109.8,55.4,16.0,29.02,77.05,7.14,79.56,cotton
20.0,44.3,21.8,26.4,58.35,6.54,45.76,mothbeans
65.9,44.5,42.0,29.2,76.68,6.56,194.24,jute
19.6,45.1,24.3,22.28,90.84,6.38,53.63,mungbean
31.8,59.9,32.3,18.03,18.72,5.44,117.97,kidneybeans
11.8,66.3,22.9,28.68,56.07,6.31,147.89,pigeonpeas
31.5,132.5,168.6,28.04,80.9,5.81,71.68,grapes
123.8,45.9,14.4,16.57,75.98,6.98,79.21,cotton
95.7,22.4,52.5,27.43,86.11,5.61,53.86,watermelon
20.8,123.9,203.2,22.46,85.73,5.79,70.12,grapes
19.7,144.0,209.5,19.25,94.8,6.37,117.47,apple
35.3,41.1,26.6,30.76,48.55,6.74,43.05,mothbeans
95.9,15.0,45.9,31.63,87.72,6.6,53.79,watermelon
38.9,62.2,38.0,35.06,85.05,7.29,138.4,papaya
93.9,30.1,28.2,25.21,56.47,6.55,167.35,coffee
53.5,62.1,66.4,17.56,11.6,7.96,59.18,chickpea
106.4,17.8,63.5,27.39,91.35,6.33,31.76,muskmelon
19.9,68.3,20.1,24.6,77.49,5.39,58.71,lentil
22.9,18.3,34.1,28.73,96.38,5.81,205.72,coconut
102.4,33.0,30.1,22.1,47.3,6.92,182.15,coffee
74.3,47.2,28.1,23.25,83.72,6.17,211.95,rice
89.7,40.2,35.8,21.79,90.02,6.78,174.58,jute
106.9,14.6,58.8,28.42,89.83,6.41,27.4,watermelon
113.1,38.6,13.8,24.24,78.12,7.11,86.35,cotton
50.0,53.1,52.1,33.92,89.46,7.34,150.54,papaya
19.6,44.2,19.1,24.72,83.62,6.23,71.2,mungbean
21.7,123.7,195.3,18.49,89.5,5.56,117.99,apple
78.4,54.1,13.2,15.8,67.02,6.02,82.93,maize
39.6,63.5,24.0,36.15,60.43,6.95,73.2,blackgram
19.9,20.8,5.0,25.76,93.66,6.98,131.86,orange
83.7,56.5,35.2,22.37,81.03,7.07,222.91,jute
18.4,59.8,14.0,19.63,26.08,6.39,109.38,kidneybeans
25.9,24.9,34.5,30.06,39.64,5.65,95.76,mango
10.7,149.2,207.5,23.32,94.34,6.44,92.79,apple
25.0,49.0,19.2,30.0,43.37,6.7,67.04,mothbeans
21.1,65.9,26.1,17.71,21.58,5.67,104.46,kidneybeans
9.8,25.6,38.6,21.59,90.51,6.66,117.83,pomegranate
128.7,55.9,23.7,24.62,72.4,7.33,95.46,cotton
98.9,37.9,22.8,27.5,48.48,6.9,151.03,coffee
103.0,36.9,22.6,22.71,68.25,7.14,83.08,cotton
16.2,84.5,25.1,33.53,56.7,5.63,160.09,pigeonpeas
24.0,51.2,20.5,23.88,52.04,7.44,53.04,mothbeans
90.0,22.7,41.9,29.32,92.54,6.3,28.01,muskmelon
16.8,75.5,22.8,36.03,47.27,6.15,191.35,pigeonpeas
118.4,20.5,42.9,26.23,89.32,5.69,33.88,muskmelon
26.0,24.1,38.7,30.19,52.29,6.31,83.91,mango
71.4,25.8,27.1,27.27,58.09,6.95,157.85,coffee
21.6,138.3,191.8,24.58,83.62,5.85,80.03,grapes
35.4,63.9,87.9,18.54,24.95,6.74,76.29,chickpea
24.9,141.2,202.6,25.69,82.93,6.08,83.76,grapes
17.5,62.6,19.8,23.36,30.73,5.59,156.32,pigeonpeas
16.5,11.4,39.9,21.94,90.48,6.49,112.26,pomegranate
13.9,67.3,20.2,26.08,66.12,7.31,52.58,lentil
19.4,130.9,204.0,25.41,79.25,6.61,54.42,grapes
19.5,35.5,34.3,23.62,48.73,5.45,101.83,mango
116.2,42.0,34.9,23.96,67.88,6.54,53.48,wheat
115.1,51.5,18.8,22.69,74.81,7.12,87.3,cotton
34.6,72.9,12.6,29.28,61.19,6.79,56.76,blackgram
30.8,53.5,27.1,25.74,87.08,6.75,37.2,mungbean
35.6,73.7,78.7,18.82,20.47,7.5,57.88,chickpea
126.8,40.1,19.3,20.31,72.64,6.92,58.79,cotton
109.5,50.5,16.0,25.94,81.65,6.48,107.16,cotton
127.5,42.5,18.5,27.67,93.31,7.15,65.67,cotton
11.9,49.4,25.1,31.79,99.27,6.58,50.02,mungbean
22.0,125.1,215.1,25.44,98.47,5.19,107.78,apple
82.4,49.4,14.7,24.71,68.11,6.85,72.8,maize
32.3,64.0,18.0,24.0,59.79,6.53,74.53,blackgram
16.8,16.2,6.6,29.36,91.75,7.6,123.7,orange
112.5,32.9,22.0,21.31,51.8,6.98,182.65,coffee
40.7,58.6,40.9,28.91,92.01,6.12,211.01,papaya
48.8,83.8,10.3,36.97,71.15,7.11,62.84,blackgram
55.9,58.8,42.9,30.98,88.18,6.42,137.35,papaya
21.8,117.1,206.8,27.24,82.84,5.75,73.4,grapes
94.7,39.0,19.9,24.71,78.4,6.41,91.99,cotton
75.3,59.4,19.5,19.52,70.73,5.27,42.59,maize
85.5,48.7,40.1,13.3,65.41,6.58,91.18,wheat
86.8,67.2,11.8,20.78,57.77,6.62,75.13,maize
89.3,18.6,44.4,27.38,94.49,5.3,19.22,muskmelon
12.7,22.4,39.5,19.13,93.14,6.47,114.66,pomegranate
85.7,48.9,39.1,22.59,76.71,6.35,191.52,jute
102.3,20.0,30.6,25.97,54.19,6.99,191.02,coffee
16.6,44.0,27.7,26.92,51.69,7.61,59.09,mothbeans
18.6,13.4,30.3,24.67,99.17,6.69,195.51,coconut
12.2,145.1,166.5,26.48,87.61,6.48,137.29,apple
82.9,22.5,57.2,27.84,93.67,6.97,29.3,muskmelon
89.5,21.9,29.3,22.48,55.67,6.96,197.78,coffee
108.5,80.7,45.4,32.84,75.34,6.03,92.37,banana
88.5,29.0,44.4,22.78,82.01,6.63,246.72,rice
44.7,72.4,20.5,29.96,64.78,6.57,45.86,blackgram
117.1,94.2,37.3,24.37,84.61,5.49,94.62,banana
14.3,19.2,37.5,28.38,89.27,6.14,117.25,pomegranate
11.7,57.1,12.3,30.28,69.02,6.73,31.69,lentil
44.7,55.9,84.0,19.86,15.65,6.75,79.15,chickpea
92.2,27.9,32.9,23.42,50.28,6.62,206.29,coffee
23.2,34.4,12.2,32.2,52.81,7.47,58.33,mothbeans
26.4,66.8,19.7,31.22,65.12,6.6,83.63,blackgram
24.0,32.7,21.0,31.08,57.58,6.43,57.19,mango
18.5,55.2,27.9,25.79,61.43,5.92,41.85,mothbeans
51.1,75.7,21.5,28.42,73.8,7.52,52.5,blackgram
22.9,20.2,33.5,26.43,55.49,5.44,118.37,mango
21.8,68.9,68.0,15.07,17.35,7.25,95.41,chickpea
103.0,50.7,21.3,23.88,82.32,6.7,50.1,cotton
10.1,72.7,11.7,22.65,60.48,6.9,31.17,lentil
19.4,18.5,29.9,26.68,94.09,6.81,202.69,coconut
102.3,39.8,49.7,25.16,73.82,6.51,79.86,wheat
132.0,19.6,43.5,26.79,92.86,7.3,30.55,muskmelon
18.7,71.1,17.5,22.98,73.97,7.06,49.88,lentil
22.9,47.2,20.3,26.86,48.51,6.86,64.04,mothbeans
24.9,23.8,32.5,25.33,92.89,5.63,175.79,coconut
105.7,23.8,37.4,18.09,64.25,6.58,82.12,wheat
20.4,95.0,181.7,24.32,93.76,6.22,128.36,apple
86.1,55.8,38.6,27.02,61.93,6.03,62.49,wheat
11.5,46.6,20.9,25.53,44.62,6.55,37.24,mothbeans
21.5,17.6,45.1,21.21,86.27,6.0,84.53,pomegranate
18.8,19.1,30.2,22.33,89.73,6.17,134.55,pomegranate
39.7,83.0,90.0,21.9,14.09,7.18,66.2,chickpea
29.3,48.6,20.9,31.53,55.66,6.89,57.13,mothbeans
76.6,35.1,24.6,24.1,42.96,5.88,68.43,maize
13.0,63.3,27.0,18.76,19.29,5.53,98.31,kidneybeans
106.6,14.4,52.9,29.31,91.77,6.74,13.27,muskmelon
33.6,69.3,15.5,34.01,70.67,7.37,59.51,blackgram
20.1,55.7,16.1,32.07,55.21,6.78,82.55,blackgram
86.2,11.0,50.2,27.16,95.26,6.22,45.05,watermelon
21.0,123.8,188.6,23.59,96.26,4.92,108.71,apple
33.6,55.4,30.0,27.46,46.81,6.83,43.29,mothbeans
92.1,53.8,22.0,18.9,56.19,6.15,105.83,maize
22.3,59.1,19.9,21.12,25.17,5.86,146.73,kidneybeans
19.0,83.1,20.6,28.02,51.53,5.27,108.85,pigeonpeas
16.8,80.1,22.2,21.29,50.01,7.65,48.46,lentil
21.4,43.9,13.8,30.87,87.92,7.16,51.47,mungbean
18.3,19.5,31.3,27.51,91.07,6.22,205.13,coconut
99.8,80.7,48.4,23.12,73.5,4.92,131.47,banana
75.1,91.9,55.9,32.84,79.42,6.48,145.07,banana
44.1,40.1,59.4,36.03,92.22,6.63,158.11,papaya
18.0,16.0,38.6,19.11,86.44,6.89,114.36,pomegranate
84.6,21.9,54.9,27.95,83.94,6.54,37.58,watermelon
75.4,47.0,55.2,23.97,95.45,6.18,245.52,rice
12.4,72.5,21.3,25.54,69.05,7.19,50.84,lentil
16.4,73.5,23.6,21.32,38.22,5.21,149.36,pigeonpeas
19.8,56.0,14.0,29.39,44.59,5.32,145.3,pigeonpeas
67.0,52.2,32.7,23.9,88.53,5.65,295.17,rice
40.6,66.8,15.2,29.67,59.55,7.13,72.72,blackgram
48.9,78.2,17.6,26.32,70.18,7.19,75.32,blackgram
102.8,48.7,48.0,22.8,77.53,6.06,280.82,rice
34.1,21.2,35.2,24.26,92.57,6.16,157.19,coconut
95.8,54.9,21.1,25.02,62.3,6.54,84.01,maize
89.0,50.0,12.1,19.18,55.36,5.95,76.66,maize
10.7,121.0,194.4,20.07,78.35,6.26,74.86,grapes
9.2,146.6,209.5,25.8,80.62,6.33,56.13,grapes
17.6,74.9,16.4,24.19,51.0,6.0,158.34,pigeonpeas
92.1,15.6,49.6,22.35,90.61,6.69,47.58,watermelon
20.6,59.4,29.2,30.27,49.96,5.66,41.69,mothbeans
63.9,57.5,49.8,33.41,85.65,7.29,138.05,papaya
121.9,78.6,52.0,26.92,85.26,5.83,84.04,banana
20.5,149.7,198.2,22.61,92.21,5.75,117.29,apple
22.1,70.1,12.6,28.9,61.26,6.59,37.79,lentil
25.7,66.5,17.4,26.37,57.46,5.42,148.22,pigeonpeas
18.3,132.3,184.8,20.75,80.49,5.7,63.52,grapes
35.7,76.0,87.1,19.94,19.16,7.31,95.4,chickpea
75.9,81.9,31.8,27.37,92.35,5.61,90.41,banana
108.3,21.2,51.0,21.8,91.23,6.78,54.1,watermelon
90.6,39.4,41.3,23.77,81.53,7.15,190.13,jute
48.5,72.1,77.1,21.84,10.0,7.44,78.39,chickpea
12.5,46.3,18.3,30.58,40.74,6.58,41.3,mothbeans
92.3,57.6,37.1,23.76,79.31,7.68,158.37,jute
93.4,59.8,19.2,24.86,52.69,6.16,80.7,maize
89.7,16.4,55.4,23.17,86.8,6.77,45.86,watermelon
25.8,138.7,172.9,20.34,88.96,5.05,120.37,apple
79.3,31.0,43.1,18.98,61.46,6.8,74.87,wheat
22.1,76.7,13.5,25.95,36.46,5.82,147.39,pigeonpeas
13.2,12.0,10.8,24.71,89.24,6.62,114.74,orange
96.5,16.8,56.1,26.14,100.0,6.18,18.47,muskmelon
18.7,28.3,32.9,32.26,47.05,5.15,96.44,mango
15.1,57.6,20.4,23.6,58.9,5.55,166.04,pigeonpeas
21.9,21.6,47.1,16.32,95.99,6.45,138.27,pomegranate
21.2,27.6,29.8,29.48,53.83,5.59,100.9,mango
20.8,142.0,206.0,20.43,96.07,5.82,95.38,apple
15.2,18.6,28.1,30.23,94.09,6.1,184.35,coconut
19.9,25.9,40.7,26.87,93.43,6.29,107.37,pomegranate
96.8,28.8,40.9,26.1,60.01,6.31,178.36,coffee
16.0,26.9,19.3,34.14,58.09,5.3,84.93,mango
26.6,64.1,23.4,21.51,23.53,5.88,138.61,kidneybeans
21.5,70.1,15.4,27.2,65.83,7.8,47.13,lentil
18.9,64.3,15.3,23.11,67.44,6.8,53.54,lentil
19.0,21.0,35.6,22.1,89.98,6.82,101.02,pomegranate
61.1,45.1,37.1,23.04,71.81,6.85,131.01,jute
102.8,87.2,39.7,26.51,83.69,5.63,127.31,banana
11.2,13.5,35.9,23.91,86.42,6.01,103.43,pomegranate
33.5,61.7,23.8,28.14,72.14,6.85,46.22,blackgram
28.9,17.7,15.0,20.47,90.97,6.7,118.07,orange
39.3,64.3,74.2,18.59,15.6,7.31,103.65,chickpea
100.6,18.2,39.3,25.51,91.02,6.2,20.68,muskmelon
88.7,39.5,34.6,21.43,57.62,6.33,68.04,wheat
114.9,80.3,54.3,29.81,71.86,5.98,107.16,banana
23.3,25.4,23.9,31.44,51.61,5.81,99.22,mango
18.6,32.0,14.6,29.61,85.63,6.44,38.71,mungbean
42.6,57.7,80.0,17.45,19.27,7.72,91.8,chickpea
24.1,14.6,5.3,28.91,97.26,7.59,121.25,orange
40.6,64.0,54.0,33.24,98.18,6.47,145.45,papaya
78.6,82.8,53.9,28.1,81.13,5.94,62.72,banana
13.0,54.2,16.3,20.78,22.0,5.85,104.6,kidneybeans
29.0,45.6,29.3,31.28,48.44,7.06,54.92,mothbeans
21.1,143.1,206.4,22.11,89.53,6.34,61.18,grapes
18.6,125.6,245.6,20.81,82.69,7.08,75.07,grapes
28.4,70.6,79.6,13.71,19.94,6.93,101.63,chickpea
38.0,60.6,15.4,28.28,68.66,7.03,60.82,blackgram
19.8,63.0,17.6,29.24,63.34,6.92,48.89,lentil
46.8,69.5,16.9,32.41,61.54,7.04,59.41,blackgram
24.8,72.9,12.7,20.36,13.98,5.91,83.29,kidneybeans
114.7,63.1,28.8,22.8,84.57,6.79,194.55,rice
35.6,60.6,87.0,19.39,17.19,7.52,95.55,chickpea
17.0,78.2,13.3,26.66,60.53,6.62,65.81,lentil
81.2,52.4,19.4,27.57,64.98,6.23,112.21,maize
32.7,70.2,19.7,27.49,58.84,7.26,95.68,blackgram
122.0,89.0,62.4,26.86,81.7,6.36,86.65,banana
129.6,20.2,46.8,28.85,88.87,5.71,22.57,muskmelon
24.3,37.2,13.1,25.31,82.86,6.04,36.74,mungbean
12.3,20.7,34.6,30.08,94.78,6.89,184.25,coconut
26.9,49.6,29.1,30.54,56.86,7.51,42.36,mothbeans
114.4,80.1,64.4,31.19,83.63,6.58,93.38,banana
57.8,68.3,56.1,31.59,96.92,6.2,150.03,papaya
54.8,49.2,35.8,19.97,71.37,6.45,252.71,rice
97.6,41.9,50.1,22.8,61.86,6.03,58.51,wheat
58.2,55.2,44.9,29.9,94.86,6.83,153.7,papaya
22.4,120.5,207.7,16.46,99.71,6.37,75.62,apple
24.4,20.5,13.6,29.98,100.0,7.0,107.91,orange
29.0,131.8,199.5,23.97,86.64,5.84,89.36,grapes
91.2,17.2,50.6,30.2,91.05,5.93,14.81,muskmelon
38.4,56.4,44.5,32.95,82.92,6.4,140.04,papaya
51.9,53.2,39.1,31.23,98.19,7.12,114.14,papaya
95.1,56.7,15.5,19.52,84.08,6.47,62.61,cotton
81.0,53.7,39.1,26.2,85.08,7.09,155.21,jute
28.2,71.3,12.7,20.62,21.51,5.4,58.76,kidneybeans
14.7,117.7,198.9,26.43,85.6,6.34,83.96,grapes
89.0,78.0,55.5,28.46,77.38,6.39,106.08,banana
21.9,57.4,24.0,27.97,41.26,5.4,102.65,pigeonpeas
124.7,12.3,40.6,26.96,82.62,7.62,37.67,watermelon
74.6,13.8,51.2,22.38,88.04,6.76,58.89,watermelon
81.5,35.6,38.8,21.88,70.85,5.53,137.84,jute
14.9,22.6,29.6,20.82,91.95,6.47,84.97,pomegranate
81.1,53.8,20.9,31.99,69.85,4.7,79.2,maize
24.0,133.6,201.4,25.28,95.87,6.23,103.36,apple
18.1,66.7,17.1,28.4,47.82,5.94,157.59,pigeonpeas
93.5,39.5,37.9,20.65,53.34,6.87,69.21,wheat
40.1,54.3,19.7,28.06,61.35,6.7,67.19,blackgram
26.6,21.5,29.1,22.42,98.98,5.77,139.31,coconut
115.7,75.4,43.3,25.76,79.01,6.81,120.31,banana
109.6,34.8,27.9,24.85,47.85,6.99,181.12,coffee
21.2,54.9,23.3,28.47,89.01,6.73,50.05,mungbean
9.7,30.2,44.5,13.08,95.37,6.31,130.39,pomegranate
21.9,60.5,21.4,34.78,47.3,5.29,120.85,pigeonpeas
115.1,46.7,18.1,21.78,88.07,7.09,61.39,cotton
20.6,24.2,42.5,19.12,92.54,6.16,114.01,pomegranate
72.6,41.1,40.5,23.15,83.21,5.35,295.07,rice
32.7,18.2,28.0,21.45,90.02,6.55,197.26,coconut
34.9,71.3,48.5,30.3,89.54,7.22,120.02,papaya
21.4,59.8,16.5,31.22,45.77,5.69,95.93,pigeonpeas
25.1,74.6,16.2,23.72,64.9,7.11,41.08,lentil
22.6,18.5,31.9,28.31,93.94,5.76,156.36,coconut
74.6,40.9,43.0,29.15,82.23,6.15,217.26,rice
35.9,62.8,26.5,32.34,66.61,8.06,60.4,blackgram
82.4,22.2,50.3,25.8,96.98,7.11,32.81,muskmelon
51.4,70.5,74.2,16.69,19.33,6.87,90.78,chickpea
20.2,56.4,22.3,22.5,21.35,5.61,115.98,kidneybeans
59.5,54.3,38.3,25.71,82.44,6.92,266.81,rice
28.7,68.7,34.2,23.08,29.24,6.23,121.62,kidneybeans
91.4,17.4,50.6,26.64,93.08,6.34,33.07,muskmelon
44.8,72.5,37.3,34.67,93.74,6.63,120.23,papaya
142.4,35.2,26.6,27.77,76.97,6.79,79.96,cotton
23.4,39.4,17.9,26.86,49.22,6.19,38.96,mothbeans
89.1,50.9,57.2,24.73,80.22,6.46,279.48,rice
102.8,25.1,54.6,26.57,93.39,7.04,26.51,muskmelon
17.8,19.4,26.7,29.37,93.94,5.14,191.23,coconut
59.2,34.3,14.1,16.12,59.18,6.35,86.08,maize
97.1,22.3,45.1,23.03,90.28,6.19,57.39,watermelon
18.7,11.5,8.0,16.12,94.77,6.98,92.19,orange
28.5,53.3,21.3,25.52,89.34,6.82,50.01,mungbean
3.6,69.1,28.0,23.14,24.96,5.78,167.52,pigeonpeas
15.6,78.9,21.4,20.97,24.46,5.82,119.96,kidneybeans
43.5,52.8,54.7,37.11,92.99,6.46,144.65,papaya
17.6,149.0,185.3,22.28,86.91,5.37,97.44,apple
17.5,13.4,7.6,20.82,91.93,6.39,99.51,orange
27.4,65.6,21.8,17.89,17.01,5.99,110.24,kidneybeans
27.8,124.4,191.6,24.22,87.98,6.35,78.98,grapes
9.6,51.3,26.2,26.9,49.51,6.89,40.96,mothbeans
37.6,66.8,14.7,35.41,64.5,6.93,89.08,blackgram
98.9,41.0,19.9,22.65,75.94,6.41,104.15,cotton
20.7,77.6,20.4,19.36,59.58,5.91,48.01,lentil
118.4,35.8,22.4,28.22,86.76,6.84,75.13,cotton
32.0,69.9,20.2,22.66,19.51,6.3,136.41,kidneybeans
115.2,108.7,40.1,31.06,71.51,5.97,90.06,banana
21.9,25.0,33.7,19.96,94.3,6.44,110.82,pomegranate
102.1,32.1,28.6,29.26,62.47,6.59,154.53,coffee
110.9,18.3,46.3,30.67,85.6,6.56,27.27,muskmelon
23.9,74.9,20.0,19.14,11.51,6.05,89.53,kidneybeans
59.6,49.8,34.5,20.75,81.07,5.47,255.96,rice
41.7,76.9,10.6,30.62,73.44,7.82,56.59,blackgram
104.9,34.5,26.7,21.53,56.81,7.15,176.85,coffee
79.0,35.4,39.0,24.18,93.07,6.87,266.02,rice
24.4,24.7,42.0,20.86,91.05,6.84,107.21,pomegranate
45.5,57.5,83.2,17.2,23.13,7.29,72.45,chickpea
15.3,9.8,10.7,22.66,93.79,6.2,97.77,orange
96.4,22.4,26.3,33.42,47.6,6.74,159.43,coffee
25.4,67.3,23.4,21.54,54.47,6.76,41.18,lentil
40.9,77.8,58.3,17.59,18.0,7.65,86.35,chickpea
14.5,57.1,9.5,31.12,55.04,5.55,148.5,pigeonpeas
29.0,155.1,184.0,23.54,89.28,6.42,55.88,grapes
10.4,61.6,19.5,25.16,56.37,6.32,65.27,lentil
27.2,21.4,36.6,28.16,48.96,5.64,86.66,mango
12.1,21.0,38.8,22.76,90.48,6.48,117.45,pomegranate
18.1,130.7,226.2,31.44,89.78,6.32,74.06,grapes
92.4,16.2,38.9,24.77,90.28,6.55,16.15,muskmelon
20.0,60.3,25.4,25.79,73.2,6.61,37.32,mungbean
70.2,46.9,39.4,27.21,89.2,6.8,174.89,jute
23.9,44.2,11.0,27.91,55.01,7.18,56.37,mothbeans
12.7,134.2,178.2,22.54,93.55,5.6,59.76,grapes
25.9,22.0,24.3,33.32,58.42,5.45,89.78,mango
93.4,50.7,31.9,26.71,84.29,7.01,234.1,rice
51.0,62.0,38.6,35.88,96.74,6.77,150.17,papaya
32.2,58.4,12.0,26.97,68.47,6.99,59.69,blackgram
21.9,21.3,38.9,22.84,86.43,7.02,132.32,pomegranate
17.4,146.6,198.4,24.36,83.39,5.47,83.11,grapes
59.7,66.7,48.4,23.24,76.17,6.83,207.55,jute
80.1,16.9,61.0,30.69,88.09,6.21,32.89,muskmelon
130.9,33.3,23.3,23.67,54.69,6.72,138.14,coffee
45.4,51.7,53.3,33.69,91.96,6.92,167.64,papaya
39.4,64.3,73.6,24.71,21.49,7.82,80.16,chickpea
10.9,56.2,14.9,29.44,63.89,6.92,51.92,lentil
94.4,17.9,37.4,27.04,78.76,6.57,49.9,watermelon
91.7,60.0,46.5,19.72,50.54,6.38,90.76,wheat
45.3,66.6,18.9,27.86,62.15,7.35,63.9,blackgram
19.0,16.9,45.2,20.37,84.04,6.08,108.39,pomegranate
47.1,63.1,23.1,30.26,59.56,6.81,60.47,blackgram
29.3,26.7,29.9,28.65,56.69,5.69,99.58,mango
24.2,18.3,44.1,23.03,91.77,6.7,103.25,pomegranate
72.4,56.0,39.5,23.2,77.35,6.64,188.71,jute
28.3,60.1,55.6,34.71,90.48,7.11,136.75,papaya
83.7,65.6,25.6,24.64,61.41,7.09,82.97,maize
122.3,30.4,17.6,24.11,65.29,6.64,179.87,coffee
88.2,15.0,53.8,23.76,88.26,6.57,54.25,watermelon
61.8,55.2,44.2,28.35,77.52,6.41,233.24,rice
87.9,57.0,49.3,16.57,68.03,5.85,62.78,wheat
7.0,10.6,50.8,19.53,87.56,6.78,121.45,pomegranate
119.6,47.6,29.6,17.49,58.52,6.64,89.71,wheat
92.5,45.4,41.7,27.86,80.93,6.59,179.06,jute
14.6,48.8,17.9,32.45,54.66,7.1,40.78,mothbeans
69.0,45.4,39.6,25.23,52.17,6.27,61.34,wheat
36.4,59.6,65.6,29.21,91.56,7.13,148.07,papaya
27.6,159.9,223.1,20.93,92.94,5.66,117.23,apple
25.3,56.6,3.2,22.83,55.8,6.33,72.24,mothbeans
77.2,55.0,4.2,27.44,61.05,7.29,74.78,maize
14.2,69.1,20.7,30.3,48.85,5.61,181.44,pigeonpeas
94.8,45.1,48.4,16.61,61.61,6.71,87.17,wheat
87.2,55.3,46.0,28.2,78.7,6.97,211.21,rice
31.7,64.8,19.3,30.04,63.81,8.1,74.85,blackgram
89.0,36.7,41.1,19.21,49.44,6.83,87.69,wheat
22.0,16.4,48.8,20.98,90.12,6.91,110.81,pomegranate
22.8,13.1,29.2,29.15,95.93,6.36,167.54,coconut
41.3,72.2,45.5,34.18,91.5,7.05,169.13,papaya
94.8,24.2,28.5,21.98,61.43,6.4,125.77,coffee
17.3,24.1,34.9,26.7,49.47,5.69,106.2,mango
85.8,52.3,45.8,21.61,74.46,6.49,164.67,jute
24.2,13.5,10.6,25.97,90.55,6.85,112.47,orange
68.6,65.9,38.7,21.51,79.76,6.88,214.46,rice
44.2,76.1,72.3,17.96,20.69,7.36,96.89,chickpea
53.1,66.2,80.8,17.5,15.26,6.97,71.85,chickpea
102.1,99.8,44.6,23.69,80.01,5.82,98.98,banana
32.1,64.0,44.2,35.06,91.73,6.31,148.78,papaya
19.0,25.3,35.3,25.83,55.62,5.87,100.28,mango
12.5,79.3,25.1,21.24,25.69,6.01,101.26,kidneybeans
23.3,130.0,211.8,24.83,80.62,5.93,66.36,grapes
24.6,10.0,7.1,26.77,90.51,7.5,127.15,orange
98.1,11.0,44.6,29.21,82.55,6.39,52.02,watermelon
23.1,48.1,20.6,25.83,58.14,6.33,47.53,mothbeans
42.8,62.0,91.6,20.85,15.58,7.23,66.38,chickpea
17.4,66.6,17.3,24.86,39.33,4.92,125.84,pigeonpeas
21.9,19.6,9.6,27.68,87.72,7.58,129.95,orange
19.1,22.3,30.6,26.34,98.83,6.04,182.68,coconut
24.4,42.5,6.6,29.22,47.6,6.7,22.18,mothbeans
29.6,58.5,25.7,17.4,81.14,6.89,34.77,mungbean
21.4,76.1,25.3,32.5,54.54,6.05,137.16,pigeonpeas
20.0,19.2,49.4,24.47,87.19,6.59,88.8,pomegranate
99.9,33.4,32.0,27.35,62.01,7.4,194.42,coffee
21.8,17.1,11.8,21.24,88.4,7.1,105.89,orange
13.0,52.2,22.0,32.74,80.97,7.17,48.17,mungbean
77.3,56.3,45.4,23.65,76.84,5.93,212.78,rice
112.6,35.3,31.5,20.23,53.26,6.61,178.99,coffee
21.4,21.3,40.1,18.02,83.32,6.43,102.43,pomegranate
25.1,64.3,24.1,29.32,61.11,4.04,133.93,pigeonpeas
94.9,93.9,47.5,27.76,80.64,5.4,114.66,banana
32.1,69.4,84.0,16.79,16.52,7.28,85.89,chickpea
23.0,19.4,5.9,22.16,94.76,7.43,67.87,orange
26.5,18.1,5.4,24.34,89.52,7.15,97.48,orange
67.0,14.9,52.8,31.89,99.58,6.48,28.03,muskmelon
57.1,72.5,45.0,33.58,92.32,6.62,152.98,papaya
103.9,46.6,12.2,25.62,73.5,6.61,53.73,cotton
103.8,17.9,29.1,23.22,57.07,6.91,162.46,coffee
24.4,21.5,27.7,26.89,94.65,6.21,114.24,coconut
22.7,52.2,18.8,18.47,85.4,6.74,40.69,mungbean
50.7,55.7,40.4,37.88,93.33,6.84,167.56,papaya
23.4,26.2,34.9,32.42,90.91,5.96,182.93,coconut
75.2,44.7,31.3,22.22,78.26,7.12,159.01,jute
21.0,53.8,25.0,24.96,89.19,6.9,62.25,mungbean
109.1,50.1,37.0,25.65,78.96,5.73,244.06,rice
102.2,12.7,48.1,33.36,96.11,5.97,21.41,muskmelon
38.0,50.9,22.2,32.92,62.83,7.48,75.05,blackgram
20.7,18.5,12.1,28.74,89.0,6.53,125.32,orange
28.1,16.4,33.2,29.84,50.96,5.68,119.86,mango
24.7,10.4,11.4,23.72,97.62,7.65,131.43,orange
63.3,28.2,14.1,27.89,56.22,5.92,61.78,maize
20.0,66.3,22.8,16.42,18.12,6.51,115.13,kidneybeans
106.0,48.7,16.7,22.54,88.91,6.73,81.43,cotton
72.8,44.3,41.0,22.47,32.76,5.73,66.51,wheat
27.1,127.5,215.0,22.33,96.64,5.99,119.92,apple
9.5,60.6,16.2,17.06,50.36,6.42,57.49,lentil
9.2,71.2,21.6,15.92,17.87,5.64,95.27,kidneybeans
50.8,68.5,51.2,38.12,95.76,6.58,136.23,papaya
42.4,68.4,20.9,27.63,64.93,7.01,76.51,blackgram
20.6,23.8,44.8,20.88,90.21,7.17,99.63,pomegranate
16.8,53.4,21.3,21.43,78.27,6.47,59.84,mungbean
79.7,17.5,42.7,26.84,92.41,6.24,27.42,muskmelon
9.0,135.2,173.4,19.81,93.35,5.11,121.32,apple
22.9,67.5,21.2,33.66,43.19,5.91,106.54,pigeonpeas
13.8,51.4,19.5,19.91,66.52,6.16,53.81,lentil
20.3,67.8,26.8,30.38,50.36,4.71,139.59,pigeonpeas
108.2,39.6,37.2,20.0,73.46,6.62,89.04,wheat
19.7,22.0,26.0,25.44,53.55,5.76,95.07,mango
13.6,62.9,18.4,27.78,55.92,5.34,130.56,pigeonpeas
43.0,66.3,94.9,16.94,21.48,6.88,73.02,chickpea
80.4,19.7,51.8,28.13,89.87,6.52,12.32,muskmelon
93.3,43.8,43.1,29.52,78.55,6.66,171.36,jute
19.4,63.5,14.7,22.94,66.97,6.92,46.86,mothbeans
83.0,17.7,52.5,25.54,83.66,6.85,30.37,watermelon
64.2,48.4,35.1,21.47,90.64,7.26,207.99,jute
25.4,124.6,209.8,24.29,91.03,5.69,101.41,apple
131.9,36.8,9.3,24.46,74.78,7.02,71.95,cotton
19.7,26.2,38.4,22.96,92.64,6.0,91.68,pomegranate
86.8,49.2,39.1,22.28,62.7,6.92,88.51,wheat
37.0,70.2,40.4,33.36,93.03,6.34,123.58,papaya
18.9,67.2,16.9,27.99,20.95,5.77,95.3,kidneybeans
104.9,59.4,39.7,20.52,53.86,6.5,96.48,wheat
108.8,26.2,31.5,22.68,65.29,6.61,156.67,coffee
16.0,71.9,20.7,25.21,79.99,6.28,48.86,lentil
75.3,22.0,31.0,21.78,59.77,6.96,221.34,coffee
18.0,52.0,24.4,26.42,92.85,6.71,35.67,mungbean
18.2,42.2,16.2,26.78,88.43,6.48,50.84,mungbean
78.2,42.4,32.1,15.81,66.55,6.03,69.58,maize
18.2,141.6,216.4,20.8,90.71,6.03,122.76,apple
21.3,10.1,13.8,23.62,100.0,7.15,137.47,orange
48.7,69.3,20.1,23.95,56.22,7.5,58.8,blackgram
12.1,16.0,38.0,21.56,91.02,6.51,106.82,pomegranate
76.3,48.0,36.5,17.13,45.29,6.96,72.89,wheat
26.8,74.1,29.1,17.62,20.07,6.14,141.31,kidneybeans
60.2,96.2,47.3,28.67,78.28,5.75,128.74,banana
10.0,142.4,207.0,23.9,79.36,5.46,74.05,grapes
135.7,78.9,41.2,28.66,74.86,5.89,88.22,banana
16.8,16.7,40.0,23.35,92.46,5.85,158.8,coconut
113.0,45.2,20.4,28.32,81.6,7.36,71.47,cotton
10.8,67.9,25.9,22.18,19.28,5.4,124.2,kidneybeans
18.3,66.5,19.6,19.25,28.7,6.03,134.66,kidneybeans
17.8,67.1,13.6,21.88,62.78,6.32,46.91,lentil
75.3,46.8,43.5,20.05,70.53,7.08,161.47,jute
19.8,66.2,16.9,19.37,65.33,6.49,44.72,lentil
21.6,72.2,18.0,18.3,46.3,6.32,204.31,pigeonpeas
80.1,43.5,39.4,24.23,78.2,6.57,186.13,jute
19.9,107.5,204.5,16.21,87.5,5.69,81.55,grapes
55.6,58.5,43.8,37.56,91.74,5.92,92.78,papaya
28.9,114.3,187.2,21.32,90.23,6.44,66.69,grapes
50.1,61.5,50.5,36.4,92.23,7.13,142.0,papaya
16.8,139.4,208.7,21.18,90.66,6.07,124.99,apple
92.6,26.7,60.0,25.65,91.59,6.23,54.31,watermelon
122.7,27.7,23.3,24.78,74.46,7.1,62.66,cotton
48.0,67.8,17.7,34.23,61.97,7.25,64.23,blackgram
92.6,91.6,43.7,25.11,78.43,5.89,67.52,banana
17.7,80.8,24.3,19.27,25.37,5.85,102.65,kidneybeans
41.9,51.7,21.8,16.23,53.7,5.83,74.42,maize
46.8,76.1,16.9,28.93,70.27,7.44,45.0,blackgram
22.5,34.4,32.9,26.66,46.21,5.8,115.04,mango
23.5,56.5,20.7,29.65,73.57,7.26,64.53,lentil
28.6,77.9,15.1,23.04,18.75,5.28,102.97,kidneybeans
70.9,50.7,37.9,25.27,73.41,6.85,158.0,jute
47.5,64.4,87.0,18.23,20.83,8.04,96.37,chickpea
25.9,67.2,21.6,14.83,18.66,5.92,120.56,kidneybeans
9.0,42.9,16.5,31.66,88.6,6.68,42.53,mungbean
47.3,74.4,15.1,30.73,64.55,6.3,79.28,blackgram
19.8,140.0,178.9,23.97,81.38,5.8,75.05,grapes
10.6,132.7,200.3,21.7,91.8,5.94,109.42,apple
81.1,45.4,31.9,13.53,63.73,5.98,66.6,wheat
94.4,13.5,62.2,28.14,83.08,5.96,48.74,watermelon
104.9,24.0,38.7,27.87,92.48,6.23,25.68,muskmelon
20.4,6.9,29.0,29.63,94.02,5.5,150.51,coconut
26.1,61.0,26.5,27.3,32.34,5.25,115.06,pigeonpeas
18.9,18.6,32.3,21.06,93.81,6.56,113.74,pomegranate
36.7,79.8,87.0,17.46,13.87,7.23,76.4,chickpea
20.4,71.3,16.0,17.53,17.62,5.64,114.13,kidneybeans
138.3,45.6,9.6,24.19,85.81,6.86,88.94,cotton
12.2,51.7,16.1,30.78,63.02,5.65,39.75,lentil
79.9,38.9,34.0,25.14,69.25,6.98,211.84,jute
21.5,68.6,15.7,22.96,44.95,6.13,170.45,pigeonpeas
103.0,91.2,57.7,30.02,83.43,6.14,76.32,banana
58.0,60.4,40.5,32.44,93.01,6.61,139.83,papaya
8.8,21.0,29.6,32.29,53.8,5.79,85.13,mango
10.7,68.5,22.1,21.61,24.23,5.94,73.32,kidneybeans
24.2,55.0,18.8,29.69,71.75,6.76,50.69,lentil
20.6,37.3,9.9,27.03,54.95,6.21,30.55,mothbeans
16.6,17.3,31.4,27.8,48.08,5.33,91.51,mango
15.6,25.1,56.7,21.24,91.19,6.59,109.39,pomegranate
135.7,60.9,20.5,22.94,83.74,7.05,68.76,cotton
71.5,42.4,47.8,24.63,72.89,6.34,91.46,wheat
96.3,84.4,45.6,29.11,84.47,6.26,95.77,banana
101.8,50.4,13.0,27.32,83.95,5.2,103.06,maize
105.3,17.7,55.8,33.25,88.97,6.42,30.24,muskmelon
8.1,74.5,19.2,16.14,61.87,6.73,35.65,lentil
125.8,56.6,20.0,19.07,96.26,7.41,83.19,cotton
66.4,44.4,44.9,28.39,85.14,6.46,172.16,jute
19.4,124.7,212.7,17.96,83.17,6.33,83.08,grapes
20.4,117.6,218.4,23.92,89.38,6.31,102.19,apple
36.3,60.5,59.0,34.91,95.44,6.77,172.47,papaya
109.3,44.4,52.7,24.35,78.9,5.84,230.47,rice
110.4,17.5,50.2,28.56,91.34,6.53,22.77,muskmelon
76.1,15.3,58.4,19.53,95.43,6.26,47.02,watermelon
86.6,35.2,26.3,24.62,52.06,6.56,153.17,coffee
28.0,85.5,16.1,12.51,30.09,5.8,103.89,kidneybeans
15.6,57.8,21.9,28.5,55.83,5.96,160.6,pigeonpeas
18.0,53.3,14.2,23.25,44.81,6.27,149.77,pigeonpeas
22.7,59.3,26.8,25.52,86.55,6.79,41.15,mungbean
16.8,54.9,14.7,22.65,55.2,7.07,43.13,mothbeans
74.6,55.7,40.9,27.98,67.67,6.81,139.04,jute
68.6,59.8,15.7,22.45,73.19,7.18,74.75,maize
22.8,27.9,29.1,31.03,42.9,6.55,96.94,mango
21.5,24.4,26.9,24.23,95.36,6.31,227.94,coconut
48.1,59.9,54.5,36.01,97.65,6.66,139.3,papaya
111.1,44.5,22.1,26.64,88.65,6.88,68.67,cotton
16.4,65.0,20.1,21.69,21.15,5.88,97.53,kidneybeans
20.5,21.2,37.3,30.64,93.73,5.65,184.06,coconut
36.6,145.5,220.3,26.81,78.93,6.24,85.25,grapes
8.2,41.7,20.8,28.69,50.65,7.01,41.36,mothbeans
78.8,19.9,57.7,26.99,95.27,6.31,24.9,muskmelon
22.7,62.2,19.6,28.53,49.9,5.7,150.6,pigeonpeas
98.6,52.7,24.3,23.89,90.39,7.46,251.85,rice
38.9,65.9,17.0,28.06,60.04,7.24,74.87,blackgram
27.1,137.7,186.6,24.42,89.62,6.25,62.5,grapes
101.3,56.2,45.5,16.87,86.27,6.68,218.5,rice
112.5,19.7,53.1,30.32,89.33,6.3,15.51,muskmelon
76.0,37.8,48.4,25.08,80.3,7.07,178.5,jute
28.9,18.5,34.8,29.25,89.92,6.05,217.34,coconut
42.7,72.2,61.2,16.22,17.46,7.7,88.59,chickpea
47.9,66.7,72.5,32.48,90.42,6.56,171.18,papaya
84.8,49.6,21.7,24.97,59.46,6.91,58.01,maize
52.7,79.3,18.0,26.04,63.16,7.34,63.27,blackgram
80.4,44.8,27.1,22.01,53.51,6.43,62.05,maize
92.5,42.1,40.3,18.25,43.05,6.1,54.14,wheat
16.2,27.4,27.9,33.16,52.9,6.02,91.42,mango
110.9,40.2,43.6,25.01,68.9,6.78,169.52,jute
16.9,16.9,8.8,22.25,86.38,6.82,126.23,orange
15.1,27.9,25.0,30.74,53.79,5.95,103.88,mango
107.4,36.6,26.4,19.95,52.35,7.14,151.2,coffee
101.9,27.3,25.5,22.73,59.79,6.49,180.4,coffee
104.6,13.4,55.8,22.51,84.52,5.99,66.13,watermelon
22.3,73.8,17.9,26.42,62.1,6.4,133.42,pigeonpeas
20.3,71.5,16.9,21.55,55.68,6.26,51.51,lentil
62.5,43.0,18.0,13.74,69.24,6.04,94.18,maize
101.3,29.2,33.9,27.55,66.06,6.71,159.27,coffee
17.9,15.4,9.0,22.24,86.9,7.61,102.14,orange
99.5,33.0,17.4,26.59,80.49,6.43,91.58,cotton
75.1,36.6,10.0,24.04,55.01,7.29,131.83,maize
21.7,120.3,219.6,27.87,84.87,5.78,74.82,grapes
19.3,72.9,22.1,21.2,19.07,5.01,103.12,kidneybeans
24.9,138.9,211.8,21.79,94.38,5.31,88.42,grapes
114.1,46.9,44.9,12.24,52.77,5.63,68.61,wheat
66.5,70.7,49.6,36.21,88.86,6.3,178.41,papaya
62.9,55.6,75.6,18.2,15.4,7.45,74.48,chickpea
32.3,71.4,69.0,21.41,16.79,7.46,67.65,chickpea
90.1,48.0,22.5,22.58,55.63,5.71,101.75,maize
23.1,17.3,9.8,25.78,84.76,6.96,91.77,orange
27.1,148.1,193.2,18.58,100.0,5.67,113.65,apple
88.4,11.0,48.4,28.46,85.57,6.5,34.81,watermelon
134.8,48.5,20.2,22.6,81.31,6.3,87.18,cotton
22.2,136.8,180.7,21.71,77.34,5.89,77.62,grapes
22.9,45.9,20.6,26.99,37.57,6.38,42.05,mothbeans
98.4,46.3,46.6,23.48,55.07,6.22,65.91,wheat
20.2,17.2,21.4,25.62,96.64,5.99,183.74,coconut
91.5,62.2,44.0,26.51,90.56,6.35,192.31,rice
52.9,82.2,92.7,20.63,19.69,7.04,82.83,chickpea
28.7,61.7,73.7,17.56,20.13,6.84,89.15,chickpea
113.3,27.1,45.4,16.24,56.85,6.43,100.46,wheat
40.7,64.9,20.0,25.01,67.76,7.15,71.85,blackgram
14.6,13.1,11.8,21.61,95.58,6.95,99.96,orange
98.1,18.4,55.7,24.03,89.78,6.04,34.5,muskmelon
72.1,53.4,59.2,28.78,74.05,6.91,182.08,jute
106.4,25.5,28.4,27.49,52.89,6.9,152.41,coffee
25.9,73.0,19.9,27.97,57.16,6.07,134.38,pigeonpeas
18.9,61.4,21.3,19.96,18.38,5.95,104.82,kidneybeans
14.9,34.4,41.2,22.79,47.77,6.0,102.33,mango
56.7,45.5,52.5,34.74,90.38,6.87,153.04,papaya
26.6,140.3,197.5,26.75,97.02,6.38,100.83,apple
28.7,68.2,20.2,31.03,67.13,7.15,53.99,blackgram
74.3,36.6,32.1,24.23,55.32,6.8,162.98,coffee
137.1,35.9,19.1,24.97,83.73,6.51,96.68,cotton
21.2,38.3,15.0,28.17,84.96,7.25,50.1,mungbean
33.3,76.5,15.4,28.55,52.99,5.46,185.83,pigeonpeas
13.3,25.8,19.9,26.16,44.34,5.06,84.4,mango
86.4,37.5,19.5,32.19,78.11,5.26,92.29,maize
43.6,50.4,21.4,36.2,67.22,7.44,87.53,blackgram
80.0,31.4,25.1,24.2,60.82,7.29,116.34,coffee
103.9,34.2,48.0,23.59,57.22,6.51,85.13,wheat
98.8,20.7,49.2,32.37,88.73,6.46,38.06,muskmelon
90.0,15.8,55.7,27.52,81.33,6.48,45.58,watermelon
31.4,27.8,35.8,30.75,94.92,6.09,180.93,coconut
71.9,49.9,30.1,27.64,84.2,6.66,144.22,jute
27.0,20.4,32.2,26.14,86.16,5.9,157.77,coconut
86.2,45.6,34.9,18.29,64.69,6.48,96.77,wheat
128.6,45.7,20.3,30.65,85.13,6.74,76.24,cotton
24.3,46.9,22.6,27.18,81.24,6.22,45.94,mungbean
77.4,52.7,23.6,21.03,64.49,6.38,110.43,maize
101.9,28.7,27.4,22.63,58.66,7.33,193.13,coffee
32.2,71.4,18.4,18.43,19.32,6.03,75.39,kidneybeans
73.7,39.4,15.0,24.23,61.2,6.15,80.41,maize
53.1,57.5,44.9,33.97,90.35,7.52,168.8,papaya
18.2,37.6,26.3,31.08,74.83,5.84,32.8,mungbean
28.9,131.7,197.0,31.81,80.68,5.88,65.35,grapes
92.7,17.3,49.3,28.44,89.43,6.91,20.35,muskmelon
22.7,28.3,35.5,32.16,48.5,6.19,128.5,mango
20.8,72.8,24.2,19.82,20.21,5.74,107.59,kidneybeans
28.9,63.4,25.8,26.59,68.06,7.23,79.58,blackgram
22.1,19.5,7.9,16.74,99.97,7.57,128.47,orange
100.0,29.3,35.4,19.55,60.76,6.47,59.93,wheat
23.9,27.8,36.4,30.43,40.24,5.52,107.5,mango
28.6,19.5,36.7,21.01,93.42,6.37,109.4,pomegranate
42.1,65.3,21.9,27.28,73.03,7.09,73.05,blackgram
18.5,126.3,201.7,14.77,84.69,6.21,73.45,apple
99.9,21.3,37.4,25.7,85.36,6.36,51.06,watermelon
21.1,72.8,21.4,24.64,56.24,7.8,44.07,lentil
33.6,70.3,23.8,33.9,67.2,7.37,36.27,blackgram
76.5,69.9,59.0,28.86,76.04,6.2,105.6,banana
60.0,40.2,48.5,20.0,81.52,6.44,205.04,rice
102.5,53.8,32.4,31.46,75.35,6.34,155.84,jute
83.0,19.2,57.5,35.1,91.88,6.21,27.54,muskmelon
27.3,16.7,4.6,25.13,91.1,7.13,88.94,orange
20.4,18.5,30.0,31.38,59.0,5.2,129.38,mango
26.2,65.0,82.0,19.28,22.5,6.51,67.46,chickpea
15.1,38.3,23.2,31.41,55.84,7.39,69.6,mothbeans
20.2,51.8,22.0,26.56,83.44,6.01,53.97,mungbean
18.4,59.9,23.4,16.75,23.34,5.69,97.75,kidneybeans
71.3,60.4,38.8,27.68,96.49,6.26,139.38,papaya
16.4,54.4,13.4,26.07,82.11,6.96,33.6,mungbean
67.3,55.8,82.8,17.84,19.02,7.07,73.23,chickpea
14.5,20.8,29.8,28.43,91.36,6.92,155.8,coconut
81.9,46.4,46.3,24.41,73.37,6.62,144.72,jute
109.2,59.6,24.1,24.71,90.96,7.02,94.85,cotton
21.5,49.6,19.0,23.62,63.12,6.52,58.35,mothbeans
100.0,45.0,45.7,19.64,56.45,7.2,77.47,wheat
82.4,39.4,33.4,16.91,45.15,5.9,51.6,wheat
26.7,64.2,23.3,29.11,49.94,5.77,96.09,pigeonpeas
108.0,54.1,18.0,22.17,89.08,6.86,71.86,cotton
84.5,58.6,36.7,25.33,76.54,7.03,253.97,rice
66.4,64.2,19.1,25.93,68.34,7.29,71.4,blackgram
11.4,17.4,26.6,26.6,90.85,6.0,192.97,coconut
32.1,43.2,51.4,37.99,92.6,7.44,119.53,papaya
41.9,126.2,179.4,24.56,79.19,5.93,68.81,grapes
21.9,69.4,14.1,27.05,91.66,6.5,59.16,mungbean
12.4,59.6,21.4,25.71,44.63,5.37,146.3,pigeonpeas
81.7,56.2,45.1,25.05,85.9,6.64,216.19,rice
25.1,13.1,6.9,19.19,90.78,6.97,106.84,orange
13.9,63.0,25.6,28.26,25.43,5.38,96.58,kidneybeans
15.2,10.9,10.8,26.94,93.82,6.57,110.29,orange
20.2,48.2,30.7,24.58,52.06,6.81,42.95,mothbeans
81.0,38.6,47.5,25.05,88.92,7.09,189.9,jute
27.1,70.4,21.2,25.34,66.65,6.11,90.79,pigeonpeas
109.5,17.3,48.4,24.73,80.73,6.58,61.68,watermelon
103.1,21.4,50.4,22.11,76.64,6.41,47.98,watermelon
36.6,60.3,53.3,29.73,93.49,6.64,142.36,papaya
19.3,29.8,19.9,32.43,57.96,6.15,115.36,mango
26.5,62.1,16.8,24.35,22.84,5.25,96.52,kidneybeans
66.1,41.5,42.0,17.64,84.16,6.49,217.46,rice
20.4,48.9,20.3,31.04,84.57,6.93,54.0,mungbean
20.5,17.0,15.6,25.04,98.22,7.1,99.53,orange
21.2,18.0,10.3,22.32,96.82,7.12,144.42,orange
75.6,27.1,30.8,22.67,67.22,6.09,156.21,coffee
84.3,51.5,16.3,23.79,70.1,6.95,91.56,maize
52.3,64.3,90.5,15.09,18.2,6.61,81.08,chickpea
101.3,47.3,15.8,26.87,78.28,7.43,55.28,cotton
91.1,21.0,42.7,29.59,90.49,6.41,21.8,muskmelon
16.5,19.2,33.0,26.94,85.47,6.66,78.5,pomegranate
97.6,16.0,60.3,22.15,79.19,6.2,53.04,watermelon
21.2,59.7,21.2,23.51,41.02,6.16,149.49,pigeonpeas
50.2,54.7,44.3,35.99,92.38,6.77,128.01,papaya
101.4,49.2,30.3,22.32,78.56,6.76,246.51,rice
24.4,73.6,24.4,25.01,52.18,6.74,36.74,mothbeans
14.0,72.7,29.0,24.78,56.03,7.47,41.26,lentil
15.5,79.7,18.1,24.16,64.06,6.16,141.64,pigeonpeas
116.5,48.7,13.7,25.3,88.46,7.03,77.67,cotton
103.2,82.0,49.0,19.28,72.66,6.4,117.51,banana
15.3,51.3,17.8,13.88,23.3,5.54,106.21,kidneybeans
76.8,73.8,44.9,32.34,92.84,5.92,106.67,banana
60.4,55.5,49.1,34.26,91.2,6.9,143.97,papaya
91.3,37.6,27.6,23.77,68.42,7.53,213.4,coffee
76.6,19.2,48.1,26.35,88.67,6.78,68.42,watermelon
111.7,50.4,35.3,31.26,48.41,6.35,64.5,wheat
33.5,61.7,15.7,29.48,62.16,6.58,66.77,blackgram
37.2,57.5,70.1,17.7,20.17,7.62,52.76,chickpea
74.1,50.6,46.6,28.34,81.74,5.84,248.74,rice
102.2,42.4,32.1,20.56,56.45,7.01,83.83,wheat
25.5,44.4,24.9,29.26,86.92,6.69,49.73,mungbean
18.8,27.0,32.1,33.63,56.58,6.84,98.31,mango
126.1,69.8,50.6,25.16,70.47,5.48,97.17,banana
88.9,18.1,46.4,27.98,89.59,5.41,31.13,muskmelon
17.1,22.1,33.0,25.22,90.62,6.21,184.83,coconut
22.3,26.4,29.6,28.28,48.93,5.54,75.85,mango
76.8,33.5,37.2,20.14,79.53,6.47,163.68,jute
91.1,87.9,53.1,28.65,91.01,6.21,69.52,banana
17.8,18.7,12.9,22.78,93.52,6.88,90.55,orange
29.5,130.6,203.1,21.46,93.31,5.43,105.9,apple
29.1,21.0,31.8,28.0,91.82,5.76,160.82,coconut
17.8,128.6,209.0,25.53,76.44,6.42,69.36,grapes
88.7,15.4,61.0,26.61,84.81,7.15,55.88,watermelon
28.3,23.3,29.5,29.84,63.95,5.81,108.03,mango
84.8,66.1,33.4,24.63,83.21,6.06,254.44,rice
97.2,25.1,30.8,28.18,59.74,6.81,185.83,coffee
85.1,74.0,48.9,26.35,76.89,6.25,90.86,banana
14.7,16.2,25.8,30.1,98.0,6.47,163.81,coconut
22.3,42.6,21.8,25.02,90.35,5.65,44.15,mungbean
21.5,70.5,15.6,21.57,60.98,6.9,38.66,lentil
21.4,51.6,19.5,30.18,46.76,7.0,70.47,mothbeans
28.5,37.1,27.7,28.4,58.86,7.15,60.13,mothbeans
69.0,46.4,27.4,16.51,55.2,6.52,116.35,maize
49.7,51.3,43.0,26.98,86.74,6.3,275.48,rice
105.7,37.8,51.3,23.49,61.89,6.24,75.99,wheat
22.6,46.8,19.2,26.49,85.75,6.81,41.74,mungbean
25.5,19.8,47.2,22.39,87.44,5.86,66.11,pomegranate
23.6,63.3,15.3,30.16,62.02,8.22,46.96,lentil
123.0,19.5,54.5,27.24,89.03,5.88,25.5,muskmelon
91.9,36.9,42.9,20.41,51.49,7.14,54.12,wheat
17.2,18.0,33.5,25.12,96.87,5.85,163.56,coconut
16.5,62.9,32.5,13.62,17.26,6.42,96.81,kidneybeans
67.7,46.2,20.1,20.4,56.32,6.88,96.95,maize
115.2,26.3,28.1,26.36,58.84,7.26,189.4,coffee
107.5,15.5,51.6,27.4,87.71,6.37,22.28,muskmelon
13.7,20.3,28.6,23.89,86.73,7.04,100.12,pomegranate
85.9,44.9,33.6,21.04,78.67,5.88,228.9,rice
25.8,130.0,208.0,20.56,93.62,5.47,90.91,apple
59.8,63.2,53.8,33.09,88.42,6.34,113.98,papaya
9.7,61.7,14.7,25.27,53.73,7.17,70.28,mothbeans
118.7,29.0,35.3,27.93,62.89,6.89,113.66,coffee
100.1,63.0,24.2,19.65,86.85,5.75,223.34,rice
54.8,57.9,44.7,28.6,86.27,6.43,219.35,rice
21.0,119.0,199.3,25.1,85.14,6.37,64.41,grapes
17.6,78.2,18.2,23.62,31.36,5.38,61.88,kidneybeans
32.5,12.9,30.4,26.73,98.14,5.63,139.03,coconut
53.9,56.8,14.7,27.33,58.71,7.61,95.86,blackgram
19.7,14.0,9.6,28.22,91.17,6.55,109.2,orange
86.6,38.6,44.6,16.71,67.32,6.59,55.85,wheat
26.1,51.4,16.4,27.59,80.7,6.43,46.47,mungbean
71.3,49.3,40.4,22.79,83.3,6.64,195.35,jute
13.1,66.3,19.6,29.97,53.92,7.43,41.88,lentil
107.3,78.3,57.5,26.02,75.37,6.54,126.72,banana
34.6,72.9,25.7,26.88,50.5,6.85,69.2,blackgram
90.1,45.1,48.2,20.79,55.33,6.77,107.21,wheat
27.4,86.2,14.8,24.99,60.67,5.79,139.25,pigeonpeas
23.1,20.2,33.9,24.49,92.22,6.07,161.75,coconut
16.5,70.1,23.8,34.44,59.31,7.04,36.18,lentil
25.9,20.7,42.6,28.35,96.62,6.2,196.09,coconut
15.2,129.3,178.3,14.71,78.46,6.58,71.18,grapes
21.8,14.4,7.6,17.45,88.53,7.21,107.23,orange
55.7,43.4,47.0,20.85,84.48,6.97,144.04,jute
28.1,138.0,215.9,18.41,89.77,6.03,106.41,apple
28.5,138.4,210.4,27.83,80.35,5.99,69.36,grapes
38.5,62.3,29.2,28.46,64.18,6.85,78.67,blackgram
17.8,39.8,19.1,21.72,48.78,7.08,47.46,mothbeans
19.0,31.9,23.6,30.55,90.75,7.24,41.95,mungbean
53.0,58.9,35.5,31.71,86.19,6.47,150.27,papaya
20.3,44.5,17.8,27.98,45.75,7.36,62.54,mothbeans
35.3,141.7,186.7,24.48,78.83,5.96,75.9,grapes
92.3,18.4,27.5,24.84,54.11,7.05,164.43,coffee
78.9,41.4,45.1,20.62,64.48,7.12,156.38,jute
94.5,22.5,37.8,26.81,97.46,5.57,35.7,muskmelon
113.2,18.1,55.0,23.31,81.47,6.61,52.78,watermelon
108.2,12.1,44.7,29.37,96.17,6.6,24.52,muskmelon
17.2,33.0,23.4,25.4,60.05,7.3,49.33,mothbeans
45.2,58.9,51.9,34.91,94.83,6.61,110.96,papaya
18.8,72.1,19.7,13.25,22.65,5.65,111.98,kidneybeans
93.1,18.4,59.7,28.08,81.76,6.22,59.52,watermelon
88.7,37.2,27.8,25.2,58.55,6.48,180.41,coffee
11.7,54.6,24.7,16.35,78.77,6.89,50.35,lentil
52.2,65.9,51.7,40.05,88.59,7.52,176.64,papaya
95.4,56.0,31.2,30.24,93.88,6.49,207.87,rice
58.4,39.3,26.6,24.78,80.34,6.06,153.43,jute
120.6,88.9,45.8,26.62,71.61,5.9,100.68,banana
21.6,16.2,23.4,26.27,94.06,5.86,155.06,coconut
43.7,67.0,18.0,34.58,52.77,7.12,51.28,blackgram
85.7,39.0,29.8,25.13,62.07,6.4,89.0,wheat
94.3,54.6,42.4,26.02,67.83,6.18,175.86,jute
38.0,71.2,21.3,32.41,76.85,6.53,53.19,blackgram
50.4,61.9,98.0,20.42,12.98,8.24,58.6,chickpea
19.6,40.5,23.5,25.21,55.98,7.05,71.99,mothbeans
20.5,70.4,18.8,19.22,22.65,5.67,122.33,kidneybeans
121.6,49.0,11.6,23.96,71.69,6.96,86.95,cotton
25.9,66.5,23.3,33.44,49.91,5.99,125.76,pigeonpeas
88.0,18.1,44.7,30.71,94.21,6.58,30.97,muskmelon
8.6,39.4,21.1,26.11,77.79,6.42,49.57,mungbean
15.3,24.5,6.3,19.83,96.27,6.58,111.46,orange
37.0,112.0,170.2,28.32,76.74,6.35,63.54,grapes
66.7,41.7,37.2,25.89,78.47,6.42,174.14,jute
115.5,54.6,46.3,22.48,51.68,5.92,89.74,wheat
33.2,91.3,76.7,20.46,16.14,7.63,65.08,chickpea
19.3,81.7,12.9,19.86,22.71,5.77,86.32,kidneybeans
34.8,73.9,18.7,32.59,69.48,7.59,62.1,blackgram
77.2,86.2,47.2,22.15,73.98,5.89,132.43,banana
12.6,49.3,24.8,25.66,80.54,7.3,33.88,mungbean
49.7,65.7,80.3,18.27,15.17,8.54,65.96,chickpea
112.6,33.7,22.7,21.54,85.52,6.59,99.34,cotton
28.0,46.7,22.7,24.11,63.65,6.07,53.16,mothbeans
102.7,50.7,25.8,22.43,75.73,6.64,76.07,cotton
101.2,50.4,45.9,26.51,87.57,6.55,241.37,rice
102.6,37.8,37.5,16.33,56.64,6.45,77.57,wheat
12.2,34.0,35.6,34.61,55.8,6.16,113.62,mango
105.4,46.5,42.3,25.25,50.43,6.04,66.03,wheat
111.6,77.6,49.9,23.55,85.73,6.21,107.13,banana
22.9,21.3,25.4,27.28,88.94,6.18,149.77,coconut
96.6,20.9,50.4,31.12,81.43,6.84,49.94,watermelon
14.9,19.4,9.3,26.03,95.4,7.52,97.38,orange
45.6,61.9,49.1,34.54,89.35,6.91,166.26,papaya
129.0,35.7,23.3,26.86,83.36,7.0,70.41,cotton
99.3,32.3,30.9,26.18,61.34,7.25,183.74,coffee
29.5,19.2,30.5,31.3,94.58,5.83,145.03,coconut
79.4,37.5,14.1,22.57,64.38,6.3,107.34,maize
98.0,17.6,53.8,28.21,92.01,6.29,49.45,watermelon
126.5,48.6,20.7,23.6,80.57,6.41,61.74,cotton
20.1,63.5,22.5,30.9,65.63,6.06,122.48,pigeonpeas
19.6,16.3,31.8,32.69,41.2,5.88,93.45,mango
64.6,46.3,22.3,25.89,61.64,5.94,75.72,maize
24.0,47.2,19.9,29.64,82.52,6.31,41.98,mungbean
39.7,69.7,14.8,29.22,63.79,6.95,60.13,blackgram
27.3,72.4,24.1,25.73,19.04,6.02,103.13,kidneybeans
102.4,92.0,59.4,26.57,82.7,6.13,134.3,banana
120.3,12.4,59.1,23.0,77.92,6.14,39.83,watermelon
18.6,28.8,27.9,31.06,46.55,5.78,107.35,mango
44.7,61.9,16.7,31.76,55.17,7.99,71.62,blackgram
18.9,65.3,16.9,26.65,72.28,7.79,56.23,lentil
16.6,16.8,29.7,20.83,89.38,6.52,116.61,pomegranate
67.7,59.3,50.3,34.96,95.09,6.87,119.65,papaya
69.7,51.2,39.3,23.76,79.74,7.32,217.84,jute
112.9,56.8,22.8,24.77,85.2,7.01,100.01,cotton
15.0,47.9,18.8,26.29,63.72,6.69,34.23,mothbeans
7.4,31.8,17.4,28.6,65.41,7.06,55.61,mothbeans
22.1,18.2,22.1,31.28,92.11,6.24,179.32,coconut
10.2,43.1,21.2,26.95,46.88,7.51,71.23,mothbeans
129.4,64.8,56.8,28.21,78.99,6.25,103.17,banana
20.7,12.0,41.3,22.35,92.94,5.88,101.43,pomegranate
110.2,17.7,55.8,22.31,81.42,5.92,51.45,watermelon
20.5,58.8,22.8,31.62,55.73,5.69,172.39,pigeonpeas
14.8,67.2,14.1,28.49,58.57,6.76,45.0,lentil
72.0,57.5,28.5,24.1,83.52,6.24,256.71,rice
83.5,20.3,54.4,31.08,83.32,6.3,49.34,watermelon
19.7,54.0,19.9,28.08,48.58,6.43,52.92,mothbeans
24.1,31.1,36.1,31.45,55.95,5.67,110.11,mango
41.6,60.4,21.6,29.07,75.09,7.34,73.72,blackgram
86.3,52.3,47.5,24.64,63.69,6.57,85.09,wheat
16.9,60.7,10.7,19.71,67.4,6.65,62.45,lentil
17.3,12.7,12.1,25.84,95.4,6.8,122.16,orange
15.6,22.4,27.5,26.93,45.66,5.79,71.63,mango
22.2,65.6,17.2,18.47,20.85,6.1,98.26,kidneybeans
29.9,142.5,188.5,21.25,73.66,6.02,74.11,grapes
124.3,14.7,49.9,30.68,94.22,6.84,53.86,watermelon
23.9,133.6,199.5,23.0,88.18,6.13,101.04,apple
12.2,13.5,7.1,22.28,91.11,6.75,127.06,orange
23.9,79.2,21.7,18.25,20.86,5.66,90.97,kidneybeans
5.5,41.6,16.6,29.83,87.61,6.21,50.29,mungbean
52.5,38.6,49.5,27.12,92.95,6.83,166.1,jute
83.2,39.0,43.7,20.05,54.07,6.2,80.22,wheat
26.8,15.9,7.7,21.34,96.03,6.57,129.98,orange
38.4,65.3,75.9,14.4,17.79,7.19,93.72,chickpea
18.8,45.1,19.7,28.81,49.83,7.04,46.24,mothbeans
96.5,26.6,24.5,26.35,58.29,7.0,155.56,coffee
71.9,54.6,22.2,29.37,64.97,5.35,79.49,maize
17.5,79.0,20.7,24.4,67.42,8.01,56.59,lentil
36.5,64.2,85.8,18.02,15.29,7.05,57.51,chickpea
19.4,26.2,31.6,32.6,43.54,6.14,100.26,mango
68.9,37.9,42.0,27.93,82.25,6.35,250.95,rice
14.4,39.0,19.6,27.68,79.8,7.39,43.61,mungbean
142.3,55.3,15.6,23.73,77.22,6.98,86.88,cotton
72.4,54.1,19.3,22.22,67.06,5.17,86.33,maize
103.7,47.4,45.8,23.28,55.02,6.53,83.07,wheat
17.7,28.0,27.3,28.49,46.93,5.13,79.86,mango
140.6,99.7,46.1,29.82,80.49,6.7,114.27,banana
21.7,44.5,24.0,24.87,75.16,6.87,34.23,mungbean
85.3,55.4,35.1,15.26,67.5,5.87,65.46,wheat
99.5,39.6,45.1,16.93,62.61,5.88,71.07,wheat
19.1,59.6,20.0,32.13,57.98,7.17,27.09,lentil
21.2,22.0,32.5,25.55,92.53,5.88,183.52,coconut
63.9,28.3,38.9,30.06,84.17,6.17,135.67,jute
91.0,79.5,52.7,30.61,82.35,5.92,108.81,banana
16.2,58.4,19.0,31.71,92.23,6.88,31.62,mungbean
24.1,24.7,32.9,26.97,96.93,5.41,175.55,coconut
114.0,15.0,44.8,23.99,79.34,6.75,52.4,watermelon
60.2,43.6,48.6,25.02,74.61,6.05,148.84,jute
92.4,19.8,41.5,26.88,94.03,6.51,24.41,muskmelon
12.2,77.3,22.2,15.87,22.57,5.51,102.69,kidneybeans
28.8,62.3,20.6,34.61,75.23,6.56,30.75,lentil
9.0,11.0,12.0,24.61,89.57,6.95,98.11,orange
26.7,68.8,77.0,22.42,16.73,6.91,90.41,chickpea
101.8,31.4,39.7,26.79,53.26,7.18,154.62,coffee
25.0,130.2,211.9,26.91,97.12,6.56,105.72,apple
110.7,21.2,51.7,23.32,83.81,7.04,52.23,watermelon
29.9,85.7,18.6,26.73,55.8,6.71,46.26,lentil
109.9,29.2,27.8,26.9,64.15,6.34,149.7,coffee
92.8,43.6,35.9,19.02,54.17,5.46,82.54,wheat
88.7,71.2,45.0,22.17,78.63,5.98,263.57,rice
23.0,69.9,28.9,28.96,40.4,5.0,128.18,pigeonpeas
26.5,48.8,10.2,28.76,54.52,7.88,43.35,mothbeans
20.8,27.3,40.9,32.36,49.49,5.16,90.95,mango
120.4,82.6,63.5,26.58,85.15,5.81,95.08,banana
20.5,144.2,210.1,27.9,85.01,5.86,52.21,grapes
20.0,13.7,11.2,27.23,91.49,6.64,131.17,orange
53.9,67.7,80.1,20.95,16.3,7.22,72.61,chickpea
18.5,67.8,20.8,26.64,52.85,7.01,63.64,lentil
25.5,60.7,17.5,29.1,55.48,6.02,144.7,pigeonpeas
91.7,47.6,27.4,16.63,56.39,6.73,71.9,maize
24.3,70.2,22.8,24.31,20.87,5.06,103.44,kidneybeans
39.7,74.4,68.3,15.62,31.59,6.95,84.31,chickpea
104.0,22.5,48.5,27.17,82.09,7.38,58.51,watermelon
83.0,42.8,44.2,22.63,58.45,5.94,75.63,wheat
74.1,46.9,30.4,26.71,77.45,7.07,166.6,jute
57.1,60.2,21.7,32.03,70.26,7.08,69.01,blackgram
34.7,58.7,43.4,36.44,94.02,6.92,119.35,papaya
16.4,65.2,25.7,19.55,20.28,5.85,97.12,kidneybeans
42.5,77.6,20.0,24.68,66.39,7.29,56.13,blackgram
23.2,23.1,36.9,25.76,53.95,6.08,115.75,mango
93.6,24.4,52.2,28.01,93.68,6.93,30.41,muskmelon
112.1,19.1,47.8,29.85,100.0,6.17,23.38,muskmelon
94.9,52.9,66.6,23.9,85.72,6.55,228.34,rice
139.8,91.1,43.7,23.74,86.9,5.89,101.1,banana
77.8,46.3,39.1,26.11,81.23,5.65,244.97,rice
15.6,18.9,43.0,23.48,91.42,6.59,117.06,pomegranate
11.8,49.2,27.7,25.93,87.7,6.41,54.58,mungbean
124.6,44.1,21.7,25.82,90.42,7.45,47.34,cotton
98.8,54.9,9.6,13.31,56.99,5.95,81.22,maize
116.5,23.5,51.6,29.4,95.23,5.2,33.28,muskmelon
93.1,54.6,30.2,26.54,75.99,6.36,226.18,rice
66.1,56.5,42.8,28.79,80.1,7.02,204.57,jute
30.1,17.6,42.0,20.07,87.78,6.34,97.26,pomegranate
35.4,74.0,21.1,28.26,69.36,6.94,60.32,blackgram
85.4,16.1,50.7,32.09,95.49,6.61,32.38,muskmelon
101.1,17.3,47.4,31.51,86.51,6.75,25.4,muskmelon
115.9,27.0,31.5,25.52,62.82,7.24,166.68,coffee
90.1,16.0,44.2,30.77,98.08,6.53,16.68,muskmelon
131.0,38.6,16.6,22.65,87.29,7.18,82.61,cotton
13.7,44.1,13.7,28.44,81.96,6.19,51.64,mungbean
100.7,18.0,50.0,24.79,83.46,6.72,53.87,watermelon
74.3,62.3,23.6,20.38,70.85,5.58,73.82,maize
30.6,122.2,213.8,17.68,89.15,5.86,118.51,apple
18.7,154.7,195.0,22.19,87.89,5.54,71.26,grapes
15.8,55.4,27.4,29.53,87.03,6.36,60.89,mungbean
25.5,71.0,14.0,30.16,46.89,5.21,100.28,pigeonpeas
21.4,20.4,6.8,24.39,85.52,7.03,116.91,orange
16.3,138.7,198.1,17.38,94.01,6.16,96.06,apple
25.9,141.2,199.3,20.21,82.4,6.37,70.79,grapes
29.3,31.8,28.3,30.5,52.41,6.37,106.62,mango
31.8,127.4,172.3,24.34,86.95,7.43,130.58,apple
16.3,24.7,33.0,24.65,91.02,6.14,153.1,coconut
22.2,69.5,19.2,27.76,59.88,7.41,61.75,lentil
18.8,34.0,23.2,37.8,40.99,6.14,84.96,mango
80.1,38.0,44.7,28.21,80.69,5.93,167.66,jute
26.7,128.5,208.5,23.66,91.2,5.6,99.3,apple
121.2,43.9,15.8,31.36,82.03,7.13,73.71,cotton
17.6,74.0,28.1,32.68,35.49,7.16,116.86,pigeonpeas
43.4,49.5,53.0,31.33,84.39,6.2,179.27,papaya
32.5,130.7,204.0,20.36,81.42,5.68,63.08,grapes
32.6,76.3,17.4,31.39,62.92,7.05,65.95,blackgram
26.6,24.1,30.6,30.28,41.9,5.93,80.97,mango
16.9,17.2,7.6,22.28,95.58,7.2,126.43,orange
98.5,14.4,52.2,25.66,87.6,6.68,27.04,muskmelon
21.7,55.7,22.2,29.24,42.24,5.75,162.91,pigeonpeas
21.5,20.9,8.7,25.82,90.75,6.48,122.71,orange
114.5,86.9,51.9,25.29,80.56,6.02,107.69,banana
20.4,156.1,197.4,31.61,83.45,5.6,71.14,grapes
90.6,10.5,48.5,25.6,87.31,6.29,31.42,watermelon
97.0,58.9,37.2,16.88,46.54,6.71,84.38,wheat
117.3,13.7,47.4,31.1,89.29,6.4,26.12,muskmelon
26.6,74.3,88.6,20.84,14.6,7.09,73.4,chickpea
119.1,33.1,23.1,22.44,89.68,6.87,85.24,cotton
21.9,36.5,20.6,28.76,82.57,6.87,40.9,mungbean
26.5,61.6,23.4,23.82,54.45,6.37,55.36,mothbeans
22.3,70.7,12.8,22.03,53.81,6.53,45.07,lentil
83.3,39.3,21.0,14.74,70.41,6.23,89.21,maize
22.8,136.8,187.4,16.93,71.03,5.41,59.97,grapes
105.8,20.5,41.0,25.59,88.26,7.2,32.74,watermelon
82.9,40.2,42.9,24.66,76.46,7.18,194.72,jute
14.1,57.2,15.2,27.94,66.73,6.59,40.2,lentil
21.4,67.7,22.6,26.42,59.77,6.57,59.86,lentil
10.7,70.5,20.2,26.71,61.28,7.19,56.39,lentil
75.8,50.3,15.6,29.22,59.98,6.39,107.65,maize
22.1,56.6,13.2,28.34,64.16,6.46,39.48,mothbeans
95.4,11.2,55.6,32.01,93.97,6.57,26.04,muskmelon
24.2,30.5,24.1,33.49,42.95,6.67,72.62,mothbeans
123.8,42.1,23.5,22.88,85.55,6.7,61.63,cotton
97.7,17.0,47.0,24.36,99.97,6.18,22.86,muskmelon
16.8,16.9,12.5,16.36,87.92,6.47,140.88,orange
65.8,37.0,15.7,21.54,71.12,6.66,108.02,maize
62.1,70.4,43.3,33.25,97.0,6.46,141.19,papaya
126.7,57.0,43.1,26.19,73.34,4.9,105.87,banana
84.9,45.4,38.9,26.57,72.58,7.23,173.59,jute
99.0,76.2,38.6,23.0,70.72,5.97,91.64,banana
12.1,18.6,30.5,25.3,97.05,5.88,224.09,coconut
95.8,49.8,36.2,26.5,85.66,6.31,181.12,jute
98.6,24.0,40.0,28.31,82.35,6.08,57.35,watermelon
28.3,40.5,19.9,31.36,91.57,6.48,55.11,mungbean
12.2,17.2,40.2,24.81,95.97,6.31,167.21,coconut
22.4,11.4,30.2,26.98,97.37,5.96,195.46,coconut
102.7,75.9,50.6,26.45,74.18,5.83,112.94,banana
100.7,22.7,44.1,27.96,95.63,6.19,35.63,muskmelon
19.1,31.7,32.7,32.0,50.64,5.49,83.63,mango
108.9,17.4,52.9,26.5,91.73,6.36,56.22,watermelon
12.1,50.2,21.3,28.62,82.19,6.81,36.97,mungbean
20.7,59.1,23.1,32.4,71.85,7.23,70.72,blackgram
81.2,44.8,17.0,23.11,78.41,6.34,79.09,maize
116.2,52.4,47.1,16.73,49.09,6.48,49.96,wheat
49.4,36.4,46.2,27.9,93.42,7.3,173.33,rice
71.6,49.9,24.8,28.89,82.28,7.16,170.13,jute
22.4,63.7,19.5,18.53,23.43,5.82,109.23,kidneybeans
24.2,20.6,37.8,31.62,53.69,6.19,98.76,mango
91.7,13.1,45.8,25.01,82.06,6.81,30.33,watermelon
83.4,29.4,39.0,17.61,59.14,7.23,140.46,coffee
27.1,45.7,28.6,25.08,82.99,6.97,59.88,mungbean
98.3,23.2,18.5,24.66,80.41,6.91,78.31,cotton
86.3,66.5,46.9,23.12,74.49,7.14,148.61,banana
89.3,24.3,37.5,18.35,53.12,6.37,69.09,wheat
18.9,71.4,12.5,32.16,74.43,7.44,25.36,lentil
14.7,50.3,13.9,28.38,92.34,7.52,58.87,mungbean
89.3,41.0,40.0,27.68,78.4,7.14,170.18,jute
67.4,39.4,39.8,29.25,88.05,6.36,209.73,jute
112.7,23.7,48.3,17.01,86.48,6.97,37.69,watermelon
56.8,71.7,55.5,34.99,95.99,6.57,129.3,papaya
115.2,52.4,22.0,28.61,68.97,7.01,95.14,cotton
115.2,55.7,19.2,23.22,89.56,6.94,70.46,cotton
95.8,52.1,42.9,20.87,57.49,6.01,74.54,wheat
23.6,23.6,36.9,27.29,52.78,5.96,100.35,mango
14.0,70.2,22.2,28.51,66.66,6.77,29.79,lentil
35.7,134.6,169.8,23.89,79.73,5.45,60.11,grapes
20.8,119.5,222.8,15.49,85.5,6.27,68.2,grapes
18.4,128.0,200.5,20.01,81.55,6.03,77.21,grapes
26.9,17.9,36.1,18.35,91.58,6.03,121.95,pomegranate
21.5,62.0,9.1,17.2,67.83,6.61,42.58,lentil
18.3,12.8,26.3,22.05,91.16,5.68,190.0,coconut
99.2,93.4,53.3,26.08,84.07,6.37,103.79,banana
128.4,47.5,18.7,27.42,86.27,6.87,101.93,cotton
26.5,17.7,44.2,23.61,84.52,7.43,93.1,pomegranate
98.9,65.3,57.0,26.95,84.24,6.57,99.68,banana
73.8,87.6,51.1,27.96,83.46,6.62,102.72,banana
34.8,65.5,14.5,33.16,72.12,6.91,68.45,blackgram
111.6,82.6,52.1,26.05,76.89,5.75,72.64,banana
24.0,84.0,16.4,18.23,23.64,5.67,94.5,kidneybeans
18.3,22.0,44.9,22.72,96.58,5.92,110.89,pomegranate
17.9,138.7,219.4,20.56,91.43,5.77,137.23,apple
27.5,67.5,23.6,31.37,57.14,6.15,51.36,lentil
22.1,21.9,10.3,22.87,92.44,7.73,131.16,orange
26.7,16.6,28.8,27.12,96.2,5.77,160.44,coconut
76.0,51.0,45.4,22.88,87.97,6.9,184.13,jute
22.3,83.5,22.4,28.82,65.64,7.36,62.08,blackgram
21.0,18.7,26.1,32.12,53.08,5.77,70.11,mango
116.5,91.8,50.3,29.07,80.15,5.41,121.27,banana
99.7,77.0,39.4,31.34,86.29,5.85,111.43,banana
98.5,35.2,27.2,27.07,54.56,7.05,173.33,coffee
95.5,22.7,26.9,27.26,49.87,6.7,159.0,coffee
135.9,39.6,18.2,18.92,77.57,7.34,102.69,cotton
55.7,54.9,43.1,33.82,92.53,6.95,130.16,papaya
22.0,19.0,28.0,25.9,95.12,4.89,188.94,coconut
23.2,82.2,21.4,17.32,26.11,5.05,117.0,kidneybeans
114.6,42.2,14.3,23.85,78.87,6.97,86.74,cotton
29.2,65.3,15.9,28.19,56.58,7.53,76.95,blackgram
43.4,57.7,61.9,35.88,91.41,6.43,108.12,papaya
20.6,23.4,11.2,25.83,86.39,7.69,134.08,orange
105.7,73.2,41.4,24.02,74.9,6.06,125.02,banana
53.4,58.5,52.9,33.73,89.98,7.11,138.42,papaya
97.9,18.3,60.7,25.61,95.22,6.43,18.58,muskmelon
57.3,43.1,66.5,34.18,89.75,6.31,104.89,papaya
18.1,17.4,30.0,21.73,87.08,6.02,91.24,pomegranate
11.5,14.5,6.5,30.02,94.51,6.81,128.69,orange
16.9,70.0,21.4,24.9,54.11,7.06,42.58,lentil
17.9,23.9,24.9,32.72,42.77,5.7,101.41,mango
87.5,15.0,49.4,21.15,94.17,6.97,20.76,muskmelon
22.8,26.1,33.3,30.71,42.24,5.87,107.52,mango
17.6,27.9,29.4,29.48,51.5,5.64,86.11,mango
36.2,65.5,18.6,29.86,66.7,7.09,47.82,blackgram
55.4,46.7,21.3,15.97,60.82,6.59,115.98,maize
14.3,61.8,20.6,26.11,57.02,7.4,55.83,mothbeans
83.3,49.1,42.1,25.11,77.88,6.95,179.29,jute
17.6,74.4,14.1,30.71,60.55,6.99,38.82,lentil
58.2,44.9,43.9,26.62,80.56,6.59,242.45,rice
28.2,67.6,29.8,24.62,51.53,5.58,187.29,pigeonpeas
78.3,32.2,24.0,19.19,58.87,5.87,169.22,coffee
107.0,25.1,62.4,26.6,93.17,6.59,59.36,watermelon
87.1,54.2,45.5,22.16,70.13,6.38,59.3,wheat
109.2,15.2,46.2,23.17,77.65,6.7,37.28,watermelon
104.1,53.9,44.5,18.78,66.15,7.21,84.91,wheat
24.2,50.1,20.6,30.59,51.58,7.18,46.13,mothbeans
14.4,62.8,25.0,30.88,87.98,6.65,22.62,mungbean
46.3,72.3,19.3,26.27,66.97,7.77,62.79,blackgram
22.8,136.9,171.8,21.84,79.22,5.08,62.05,grapes
86.8,47.5,34.0,25.57,84.93,6.11,247.01,rice
96.6,41.4,35.6,20.99,56.32,6.98,84.98,wheat
115.5,52.2,50.3,23.06,66.46,5.79,88.21,wheat
27.5,77.7,24.0,24.9,43.69,6.03,135.27,pigeonpeas
28.9,60.2,15.6,33.95,75.84,7.23,72.09,blackgram
16.5,44.0,22.0,29.14,78.35,7.01,37.85,mungbean
16.1,129.4,179.3,26.45,74.34,5.2,70.63,grapes
34.8,72.6,15.8,32.33,72.49,7.2,74.52,blackgram
33.6,59.4,20.2,29.41,63.16,7.44,78.58,blackgram
88.0,49.9,33.7,23.02,85.01,6.39,238.71,rice
88.8,11.0,58.3,24.21,81.16,5.92,52.59,watermelon
78.0,41.4,35.8,22.25,69.01,6.48,242.5,rice
71.5,53.7,48.7,26.07,85.35,7.45,193.59,jute
103.8,47.6,36.9,17.19,46.23,7.65,58.81,wheat
31.4,71.7,23.0,25.68,69.0,6.68,67.13,blackgram
32.9,58.3,14.7,23.25,91.79,6.53,46.68,mungbean
22.8,26.0,37.7,32.75,43.41,5.64,122.03,mango
26.9,57.6,26.6,28.46,51.92,6.67,56.71,mothbeans
76.6,34.4,27.8,17.87,46.78,6.43,130.33,coffee
20.9,40.7,18.6,31.85,84.12,6.65,43.29,mungbean
121.0,47.7,20.3,21.24,82.26,6.83,71.4,cotton
21.9,64.3,74.3,15.44,16.47,7.3,67.45,chickpea
34.2,74.8,20.4,26.34,65.63,7.55,81.15,blackgram
15.2,72.7,24.0,23.98,59.57,6.71,22.92,lentil
62.7,40.2,30.7,25.93,68.13,6.23,248.5,rice
107.1,11.1,39.7,25.97,89.66,6.34,24.26,muskmelon
23.6,60.7,25.4,20.88,24.57,6.15,113.73,kidneybeans
69.2,43.3,44.0,23.25,96.01,5.99,202.03,rice
85.1,42.9,40.9,23.5,81.03,5.89,258.89,rice
76.6,50.7,12.2,26.43,61.26,6.26,107.31,maize
82.0,19.1,45.8,21.71,88.3,5.74,22.23,muskmelon
22.0,10.3,25.9,26.55,91.47,5.99,180.75,coconut
61.7,50.9,49.8,34.63,90.67,6.64,137.02,papaya
20.7,20.5,33.2,28.11,96.04,5.77,172.34,coconut
22.5,45.3,24.1,27.39,51.51,7.36,46.42,mothbeans
113.5,30.2,27.1,24.81,56.71,6.57,151.7,coffee
37.1,72.6,87.7,15.91,19.75,7.57,77.74,chickpea
80.2,36.5,15.5,29.27,68.96,5.9,93.42,maize
81.2,22.4,48.9,27.04,94.14,5.98,24.67,muskmelon
71.9,27.0,28.3,26.46,61.51,7.07,174.52,coffee
64.6,48.3,46.5,32.17,88.81,6.35,175.71,papaya
30.3,66.4,12.6,28.41,70.03,7.39,87.67,blackgram
23.1,74.0,26.0,33.06,50.54,6.06,156.65,pigeonpeas
21.0,66.8,14.5,35.41,66.46,7.05,46.85,lentil
90.0,44.9,36.0,24.55,84.1,6.95,235.55,rice
17.4,10.0,41.4,18.48,86.92,6.25,117.83,pomegranate
12.4,27.0,26.3,30.49,35.31,6.17,67.32,mango
99.8,49.2,33.9,16.96,55.21,6.29,77.51,wheat
16.7,19.8,34.9,20.73,93.77,6.47,165.01,coconut
18.3,76.1,12.1,20.81,20.85,5.4,105.78,kidneybeans
20.5,129.3,180.5,25.37,85.19,6.2,73.48,grapes
105.5,57.0,10.0,24.82,77.07,7.2,63.19,cotton
112.5,31.1,32.9,24.11,45.29,6.86,154.03,coffee
91.0,79.4,44.3,27.9,86.84,5.67,84.19,banana
17.8,64.5,19.7,24.42,21.8,5.65,101.72,kidneybeans
105.3,21.6,41.5,32.38,86.85,6.98,46.89,watermelon
116.6,45.9,49.3,17.37,62.72,6.86,63.72,wheat
11.0,76.6,18.7,22.84,50.6,5.94,152.13,pigeonpeas
97.6,40.5,36.3,21.18,55.37,6.24,63.46,wheat
21.4,55.8,12.8,28.82,78.92,7.69,48.52,mungbean
23.6,49.3,21.4,33.45,84.45,6.47,42.21,mungbean
41.7,78.9,95.0,21.38,13.04,7.86,67.32,chickpea
33.0,56.5,27.3,29.57,60.38,7.77,51.35,mothbeans
87.1,48.6,27.5,21.85,77.55,6.27,173.51,jute
118.7,94.3,43.5,27.05,87.62,5.9,80.81,banana
87.8,52.9,34.4,27.4,82.53,6.75,273.22,rice
90.9,64.0,15.1,22.87,62.14,6.42,95.4,maize
40.2,14.9,37.3,28.27,95.74,5.71,189.28,coconut
22.1,15.1,15.3,21.5,94.54,6.78,104.38,orange
22.1,61.0,13.1,28.46,65.43,7.81,39.56,lentil
16.8,150.4,231.7,19.79,76.82,5.89,77.78,grapes
132.3,70.2,56.1,22.71,72.91,6.17,117.96,banana
24.9,8.1,29.7,25.13,98.01,5.67,197.65,coconut
19.6,21.7,28.6,34.35,50.31,5.5,105.32,mango
20.6,32.2,24.9,31.98,52.38,5.7,93.22,mango
16.8,13.2,39.9,25.84,80.96,6.67,85.28,pomegranate
8.6,126.4,183.3,25.82,86.1,6.1,124.22,apple
91.8,39.5,47.3,21.19,75.65,6.5,238.91,rice
71.4,57.2,19.6,26.0,70.44,6.44,64.36,maize
15.3,10.6,9.1,26.36,100.0,6.85,116.07,orange
34.7,57.5,16.9,26.41,53.36,7.22,56.05,blackgram
24.5,17.5,35.7,30.42,94.94,6.38,217.73,coconut
17.2,140.9,186.4,17.35,94.28,5.88,97.35,apple
70.9,49.3,37.5,22.56,76.96,6.4,228.25,jute
94.5,16.7,51.3,25.04,85.57,5.96,62.23,watermelon
85.4,43.4,29.9,22.93,88.22,7.14,206.5,jute
84.6,35.6,33.3,24.14,85.02,6.69,220.65,rice
91.7,36.9,44.5,19.46,66.28,6.1,207.53,rice
36.3,74.8,77.8,24.17,17.11,7.23,55.84,chickpea
24.4,81.8,23.3,21.3,24.03,5.26,119.02,kidneybeans
51.1,72.2,93.9,16.09,16.1,6.8,58.74,chickpea
6.7,22.0,26.3,25.08,93.85,6.13,184.93,coconut
135.9,53.2,22.6,23.71,78.89,6.68,71.76,cotton
82.3,40.2,38.6,27.76,80.77,6.32,220.25,rice
84.4,46.6,24.3,23.41,72.11,6.82,55.79,maize
54.9,68.9,57.2,34.74,87.66,6.8,176.33,papaya
25.6,64.8,90.6,20.39,18.09,7.55,88.64,chickpea
16.5,69.9,16.4,16.54,22.28,5.79,112.93,kidneybeans
26.8,157.8,235.2,22.65,90.11,6.19,113.95,apple
27.2,21.5,24.8,29.89,97.97,6.21,124.29,coconut
106.1,17.8,54.6,23.42,76.11,6.12,62.68,watermelon
101.0,32.1,21.9,20.63,52.17,7.06,188.66,coffee
10.5,16.3,12.2,22.76,92.87,7.57,110.5,orange
89.8,22.4,18.5,23.05,66.65,7.06,160.26,coffee
35.1,65.2,69.0,19.83,18.89,7.37,89.84,chickpea
22.5,16.1,9.5,24.29,88.88,6.67,103.26,orange
82.9,93.1,49.3,24.07,75.97,5.6,125.24,banana
137.1,45.9,13.5,22.28,61.42,6.67,100.68,cotton
23.9,77.9,18.1,29.47,68.01,7.53,84.04,blackgram
78.7,48.1,26.3,26.47,85.92,6.97,302.49,rice
14.8,17.3,41.4,20.67,87.97,6.78,105.1,pomegranate
110.2,79.6,58.5,25.43,77.0,6.03,97.79,banana
24.5,130.3,196.5,22.8,89.44,6.41,68.66,grapes
31.1,142.2,176.3,22.15,80.77,5.28,49.21,grapes
66.4,38.8,15.0,17.45,55.11,6.56,56.91,maize
41.8,79.3,67.7,18.08,17.19,8.11,95.4,chickpea
72.4,34.6,14.4,19.62,63.02,6.84,99.18,maize
21.6,126.9,200.4,22.63,85.81,5.44,115.44,apple
14.7,64.8,17.5,23.03,24.57,5.67,95.88,kidneybeans
100.0,29.7,22.8,17.68,60.9,7.07,191.02,coffee
15.9,15.5,44.0,15.32,83.57,6.4,112.61,pomegranate
40.5,58.3,79.4,15.57,14.46,6.92,84.99,chickpea
24.2,129.4,211.1,21.9,87.63,5.54,118.79,apple
20.3,23.7,27.0,30.81,50.48,6.0,88.87,mango
17.8,75.0,26.9,24.39,17.73,5.87,79.38,kidneybeans
20.2,138.9,210.1,21.99,78.34,5.93,73.29,grapes
80.2,37.4,40.2,24.65,82.5,6.6,148.39,jute
111.6,25.7,24.4,23.16,61.85,6.65,185.06,coffee
83.4,51.9,19.9,17.54,56.28,6.52,60.58,maize
13.1,71.4,17.7,32.98,41.02,5.51,139.3,pigeonpeas
41.2,59.0,50.4,29.53,98.76,6.78,112.27,papaya
9.5,64.5,29.4,29.74,38.92,5.98,152.22,pigeonpeas
122.9,21.9,56.1,28.51,90.53,6.69,51.51,watermelon
122.4,37.2,25.6,19.22,86.05,6.62,81.56,cotton
95.2,28.1,23.8,19.55,46.97,7.23,144.95,coffee
108.1,68.7,46.4,20.75,76.68,6.22,106.65,banana
19.7,24.6,27.3,31.57,51.24,6.72,92.92,mango
111.4,12.8,52.2,26.02,81.8,6.4,54.54,watermelon
97.2,42.2,37.6,19.28,46.46,7.18,58.08,wheat
98.5,49.5,47.4,24.0,75.86,5.69,205.91,rice
67.3,73.5,61.5,38.24,88.37,6.58,129.27,papaya
18.1,39.1,8.5,27.64,83.68,7.2,40.96,mungbean
86.6,30.9,33.8,20.29,72.63,6.17,174.06,jute
72.8,48.1,24.6,21.49,83.59,6.16,75.33,maize
17.4,137.5,197.0,24.51,70.29,5.64,55.24,grapes
10.8,76.0,17.3,16.99,71.37,6.06,42.22,lentil
20.4,76.1,16.7,23.15,60.84,5.13,152.36,pigeonpeas
61.6,60.2,14.7,14.07,71.83,6.73,86.04,maize
21.6,70.9,20.2,19.64,56.06,7.78,39.95,lentil
57.4,52.6,25.7,25.43,74.33,6.44,58.93,maize
117.6,24.5,46.2,24.84,92.02,6.19,48.68,watermelon
92.7,86.7,53.9,29.04,85.45,6.06,101.14,banana
24.5,15.6,31.5,24.51,93.91,5.65,153.79,coconut
99.0,51.6,8.0,24.12,75.76,7.05,79.86,cotton
107.3,25.2,39.2,22.09,57.09,5.68,115.86,coffee
18.1,24.5,11.4,19.83,87.46,6.67,91.67,orange
83.0,27.5,26.8,27.49,53.85,6.93,170.45,coffee
121.0,23.8,40.0,26.75,94.03,6.41,49.2,watermelon
126.4,21.4,49.0,28.54,84.84,6.17,25.93,muskmelon
31.3,68.6,80.5,17.99,20.53,7.27,87.94,chickpea
99.6,11.1,48.5,32.41,85.06,5.86,22.91,muskmelon
23.9,8.9,11.7,20.88,87.11,6.56,115.56,orange
20.1,14.0,33.4,24.21,87.47,6.03,82.7,pomegranate
21.5,29.2,24.1,34.38,59.12,6.01,118.22,mango
16.5,16.0,30.8,23.88,94.4,6.14,189.97,coconut
117.7,80.5,43.4,29.84,69.33,6.45,120.22,banana
120.1,25.0,33.9,19.58,55.42,6.71,201.4,coffee
18.7,23.0,26.1,32.44,51.81,5.2,93.0,mango
66.0,48.2,46.7,22.29,80.93,6.95,100.08,jute
27.6,64.0,67.6,33.3,96.14,7.09,175.91,papaya
98.8,27.4,51.8,30.42,94.42,6.17,25.33,muskmelon
22.9,17.8,7.2,25.62,94.67,6.37,117.81,orange
9.4,64.8,13.1,28.16,37.94,5.01,123.84,pigeonpeas
22.0,133.7,200.6,26.79,84.71,5.84,60.11,grapes
20.5,17.7,38.4,20.31,85.4,6.29,122.12,pomegranate
15.2,17.6,32.5,23.71,93.38,6.31,102.31,pomegranate
20.4,69.6,17.5,27.54,87.69,5.98,70.27,lentil
27.2,17.4,29.4,28.39,93.02,5.7,169.07,coconut
44.5,47.4,34.6,25.47,90.92,7.26,153.71,jute
46.6,54.0,43.8,37.14,98.15,6.87,121.94,papaya
8.7,26.9,32.7,28.52,52.21,5.92,103.65,mango
17.4,135.3,205.7,28.24,91.29,6.74,78.85,grapes
19.0,71.4,19.0,16.54,24.69,5.89,76.48,kidneybeans
18.5,25.4,15.0,25.95,58.93,6.78,49.36,mothbeans
33.1,126.3,210.1,18.65,77.37,6.39,76.6,grapes
87.0,19.5,49.0,31.98,93.1,6.47,56.95,watermelon
20.1,138.7,174.0,22.81,96.6,5.69,128.69,apple
95.0,15.0,51.7,29.13,96.5,6.71,33.8,muskmelon
17.1,132.7,201.9,26.24,87.83,5.92,68.43,grapes
83.9,14.7,50.7,22.24,74.02,5.91,50.66,watermelon
19.6,135.3,184.5,21.19,74.9,6.52,65.96,grapes
109.5,48.6,16.4,25.81,80.06,7.02,71.2,cotton
78.4,53.9,15.6,26.49,59.84,6.84,100.86,maize
112.4,73.6,41.7,26.29,80.76,6.35,96.61,banana
108.5,37.9,33.0,28.11,56.57,6.86,153.94,coffee
101.7,16.0,59.2,25.36,81.77,6.14,58.86,watermelon
117.0,47.6,22.5,23.69,76.12,6.12,98.52,cotton
22.7,55.5,15.6,26.34,18.63,5.53,101.46,kidneybeans
20.0,27.4,30.9,30.98,35.92,5.44,99.62,mango
17.7,12.1,32.4,35.58,53.77,5.87,84.13,mango
22.0,71.3,27.6,22.11,74.2,7.3,33.77,lentil
100.0,49.3,41.2,25.82,54.68,6.32,33.61,wheat
117.4,14.3,49.9,25.19,80.21,7.04,55.61,watermelon
25.9,60.0,17.9,27.04,92.36,7.14,50.57,mungbean
15.2,16.6,52.0,17.52,91.68,6.32,95.76,pomegranate
17.0,20.4,9.8,24.51,90.88,6.63,106.78,orange
23.8,73.8,19.3,16.25,23.42,5.59,82.09,kidneybeans
90.9,24.7,37.5,22.25,64.39,6.41,160.47,coffee
18.3,129.6,187.0,20.92,91.83,5.52,128.1,apple
31.7,56.9,51.4,36.74,86.41,7.06,164.45,papaya
44.3,62.4,17.0,33.21,64.03,6.79,64.7,blackgram
20.9,63.4,15.7,28.91,50.28,5.79,158.76,pigeonpeas
22.3,55.9,18.2,34.83,45.94,4.98,102.82,pigeonpeas
116.1,28.2,26.2,26.17,54.13,7.27,159.43,coffee
20.9,119.0,188.9,32.19,82.31,6.35,75.84,grapes
15.2,20.6,12.6,21.22,86.81,7.41,94.83,orange
20.2,52.0,19.7,22.87,49.09,6.57,156.22,pigeonpeas
19.9,70.0,14.2,31.39,54.18,6.16,174.84,pigeonpeas
44.4,60.1,93.8,18.8,17.6,8.03,68.13,chickpea
17.0,52.3,20.9,27.53,83.88,7.06,36.22,mungbean
53.0,64.1,44.0,32.68,91.56,6.49,116.22,papaya
7.4,23.5,9.5,19.04,97.5,7.21,112.3,orange
25.1,16.5,36.5,17.76,93.06,6.12,111.82,pomegranate
32.2,90.7,20.9,24.33,39.6,6.11,109.4,pigeonpeas
24.6,19.3,46.0,20.73,90.14,6.48,101.42,pomegranate
32.7,15.5,31.4,26.98,97.62,6.87,199.75,coconut
12.6,59.0,14.3,27.09,58.2,6.47,42.28,lentil
89.6,33.7,41.8,30.15,80.05,6.28,116.47,jute
101.3,22.7,43.2,24.29,77.93,6.82,57.05,watermelon
90.8,44.8,38.5,18.82,59.86,6.09,76.03,wheat
19.5,17.3,37.6,24.97,96.49,6.23,96.29,pomegranate
22.6,17.5,25.0,30.53,95.46,6.2,179.71,coconut
95.9,21.4,53.1,30.14,88.25,6.24,34.18,muskmelon
14.4,27.4,26.7,29.76,54.61,6.26,94.61,mango
15.1,148.6,201.6,21.63,88.71,5.3,128.62,apple
105.6,16.6,44.0,24.54,86.21,5.71,58.11,watermelon
93.0,48.7,32.2,24.07,70.67,6.4,247.4,rice
81.8,53.2,49.6,22.46,71.64,6.55,241.89,rice
39.6,50.1,46.3,34.66,94.24,6.94,136.27,papaya
131.1,38.9,13.5,20.31,78.77,7.88,49.5,cotton
22.9,15.3,6.4,21.59,95.46,7.13,115.71,orange
115.5,28.9,27.3,25.84,58.17,7.26,195.35,coffee
30.9,64.0,23.4,18.4,29.51,4.91,112.39,kidneybeans
17.4,24.6,33.3,35.54,39.27,5.52,101.85,mango
13.6,70.4,19.5,29.45,58.49,6.17,127.66,pigeonpeas
89.6,43.6,14.5,25.65,65.81,6.48,81.84,maize
18.8,128.6,200.6,22.07,91.96,5.9,131.11,apple
122.9,36.9,18.2,26.42,83.07,7.32,93.33,cotton
87.3,77.0,46.3,25.31,67.27,5.38,107.72,banana
116.9,15.2,51.1,26.56,78.05,6.76,55.32,watermelon
23.7,42.3,19.9,27.26,59.79,6.94,55.68,mothbeans
8.5,57.4,29.5,22.72,13.96,5.7,92.61,kidneybeans
47.4,48.4,43.7,27.54,92.48,6.64,153.48,papaya
116.9,49.3,19.9,21.28,76.04,7.07,102.68,cotton
76.1,44.1,37.7,21.28,76.55,6.38,204.21,jute
74.7,37.5,45.5,22.24,84.06,5.45,266.3,rice
103.5,55.2,31.0,27.57,87.6,7.29,175.23,jute
52.4,49.8,43.0,30.95,91.7,6.75,147.35,papaya
96.3,17.4,44.2,27.21,84.97,7.33,60.93,watermelon
21.6,42.8,19.2,25.7,52.21,6.0,54.07,mothbeans
20.1,67.6,19.9,33.57,51.12,4.71,176.52,pigeonpeas
106.1,45.6,33.9,31.28,82.93,7.09,259.53,rice
32.7,130.5,214.0,23.24,91.84,6.22,98.81,apple
18.1,68.3,16.5,23.91,60.64,6.11,145.4,pigeonpeas
23.9,49.1,22.6,23.83,77.73,6.86,52.0,mungbean
14.7,145.8,215.0,26.06,91.96,5.79,76.04,apple
26.2,35.3,33.6,29.95,52.17,5.24,95.17,mango
126.5,43.7,21.9,24.93,81.93,6.96,57.87,cotton
120.8,28.8,28.6,22.13,55.22,6.54,184.44,coffee
60.6,60.4,43.9,31.38,73.52,6.96,200.06,jute
104.0,52.8,32.3,17.86,59.56,6.64,89.36,wheat
113.7,86.7,57.2,25.8,84.54,5.86,106.7,banana
26.3,120.1,215.1,26.23,83.19,6.47,72.52,grapes
70.9,56.7,44.9,21.02,85.11,6.3,190.51,rice
78.1,17.5,42.1,25.8,83.06,6.73,51.25,watermelon
21.1,35.5,19.5,28.7,79.98,6.94,48.85,mungbean
23.3,65.2,18.7,24.22,63.76,7.22,41.96,lentil
81.4,46.7,34.9,22.75,63.99,6.61,73.5,wheat
16.5,153.9,183.6,27.48,99.92,6.07,115.96,apple
12.2,20.4,5.7,28.71,88.34,7.2,108.31,orange
96.6,20.7,43.7,27.98,78.19,6.85,39.28,watermelon
18.1,50.6,17.9,24.43,76.08,5.74,37.46,mungbean
136.7,93.8,61.4,28.0,77.43,6.18,105.94,banana
102.8,67.7,57.0,25.49,70.78,5.56,93.43,banana
63.3,47.5,48.1,22.97,86.86,7.19,155.17,jute
24.1,14.2,11.3,27.11,90.21,7.15,108.59,orange
47.2,84.2,80.4,16.76,21.11,7.32,81.48,chickpea
75.2,47.6,40.1,29.83,71.61,6.64,190.88,rice
16.4,58.7,79.7,17.76,13.2,7.55,65.32,chickpea
13.9,15.8,36.3,23.44,85.8,6.4,75.74,pomegranate
38.1,62.8,80.2,13.54,18.71,7.37,86.69,chickpea
112.2,19.0,55.2,32.75,85.37,6.45,19.2,muskmelon
30.5,139.4,205.1,20.31,82.78,6.22,56.82,grapes
24.7,123.0,215.0,17.26,80.77,6.19,74.06,grapes
35.9,130.2,201.4,26.21,85.98,6.3,53.08,grapes
23.3,53.5,20.3,25.68,49.97,6.51,45.94,mothbeans
23.7,136.7,205.2,23.75,85.48,6.02,72.69,grapes
16.2,54.7,18.9,23.65,25.32,5.7,123.42,kidneybeans
22.0,61.5,17.4,19.01,19.86,6.27,127.51,kidneybeans
18.2,13.9,28.2,25.78,98.9,5.67,187.7,coconut
34.5,66.4,12.5,30.06,70.34,6.36,55.88,blackgram
91.4,14.9,47.5,35.92,90.88,6.12,30.21,muskmelon
42.4,76.1,18.9,30.75,74.78,7.75,80.64,blackgram
15.9,72.1,20.2,14.48,62.83,7.31,31.16,lentil
104.4,51.2,38.9,19.21,43.36,6.62,64.89,wheat
21.0,124.5,214.8,30.11,93.16,5.54,111.76,apple
96.2,10.9,57.9,30.52,97.81,6.04,16.73,muskmelon
29.7,25.6,25.3,38.66,52.56,5.37,111.83,mango
11.6,128.1,201.2,31.09,85.17,5.79,62.72,grapes
21.8,19.7,27.3,28.66,88.48,6.84,110.13,pomegranate
111.1,16.1,40.1,20.61,85.92,6.09,50.7,watermelon
101.0,13.9,61.3,28.52,90.18,6.26,24.06,muskmelon
105.0,18.2,59.1,29.64,88.81,6.04,25.78,muskmelon
21.5,31.5,28.7,29.87,48.0,6.6,79.38,mango
106.1,43.8,24.3,20.94,92.01,7.13,60.74,cotton
89.5,16.2,43.4,28.97,95.93,6.3,25.68,muskmelon
46.5,60.3,59.1,33.47,87.8,6.92,138.16,papaya
14.9,65.8,22.7,24.02,66.56,6.66,59.24,lentil
101.6,14.5,42.7,28.38,71.75,6.7,45.74,watermelon
40.6,75.9,76.9,17.11,11.68,7.78,90.68,chickpea
72.0,50.8,34.8,19.0,74.13,5.87,125.43,jute
80.1,55.5,31.3,26.64,77.82,5.44,70.16,maize
125.9,52.6,19.5,24.71,84.23,7.59,74.46,cotton
87.0,43.0,44.7,17.31,67.42,6.5,44.81,wheat
31.0,52.2,66.6,33.52,93.96,6.79,135.81,papaya
18.9,13.0,1.8,23.77,89.05,6.41,133.44,orange
16.5,53.0,22.1,20.3,22.48,6.25,55.19,kidneybeans
87.6,37.8,24.0,22.01,79.49,6.9,92.91,cotton
57.6,48.1,18.5,20.17,74.07,5.03,70.38,maize
112.9,11.7,51.6,26.01,90.82,6.43,20.45,muskmelon
22.2,46.1,20.8,27.73,46.18,6.54,67.23,mothbeans
8.9,74.7,16.8,25.32,77.0,7.68,52.62,lentil
9.3,133.0,203.4,28.74,82.86,6.46,86.42,grapes
16.9,61.4,22.2,33.58,50.18,5.31,183.07,pigeonpeas
12.5,44.7,16.8,28.3,76.49,7.3,51.1,mungbean
26.2,137.5,195.1,26.49,80.35,5.06,68.74,grapes
31.2,60.3,15.1,27.02,47.75,6.76,30.19,mothbeans
16.3,58.6,10.2,20.38,61.01,6.13,146.72,pigeonpeas
38.9,47.8,12.1,34.1,72.98,7.05,58.42,blackgram
114.7,29.2,33.3,25.43,52.88,6.42,162.75,coffee
89.2,37.0,50.5,21.02,77.41,6.46,235.74,rice
92.8,47.5,32.0,21.16,81.09,5.19,240.41,rice
26.8,74.0,20.1,29.17,60.92,4.82,168.7,pigeonpeas
117.8,19.7,49.8,32.2,99.33,6.27,33.97,muskmelon
25.5,12.9,35.6,24.27,97.56,5.89,226.18,coconut
15.9,39.6,12.8,25.03,83.97,6.22,55.21,mungbean
19.1,63.3,20.0,25.63,46.61,6.07,170.39,pigeonpeas
22.7,12.8,4.0,27.38,91.12,7.26,122.96,orange
25.2,55.6,20.3,28.95,52.19,6.3,36.8,mothbeans
20.6,16.6,34.5,25.7,86.19,6.44,89.41,pomegranate
24.3,78.2,17.4,18.38,20.72,5.36,118.56,kidneybeans
100.0,17.4,43.1,29.3,95.45,6.41,29.78,muskmelon
53.2,33.1,35.5,29.62,67.37,6.85,167.4,jute
79.9,86.6,56.8,26.43,76.82,6.4,144.9,banana
19.5,132.1,207.2,26.17,76.13,6.76,68.86,grapes
93.1,16.2,32.7,27.74,66.79,6.76,185.67,coffee
29.3,14.5,27.5,23.68,93.71,6.03,152.16,coconut
20.8,59.4,23.3,33.95,56.21,6.54,64.89,mothbeans
116.5,29.2,26.6,25.39,55.79,6.7,171.71,coffee
17.5,21.9,46.4,24.43,96.43,6.69,114.79,pomegranate
23.7,55.6,11.5,34.99,38.39,5.49,151.79,pigeonpeas
14.6,48.7,22.1,27.92,81.75,6.38,31.03,mungbean
53.1,64.0,69.2,22.82,17.0,7.08,80.54,chickpea
18.9,148.0,204.0,17.14,90.02,5.73,78.11,grapes
19.0,142.4,214.0,20.55,97.26,6.16,105.63,apple
17.8,53.3,20.2,26.95,93.66,6.53,59.11,mungbean
126.8,85.9,41.8,23.7,77.67,5.46,103.59,banana
17.5,84.7,14.5,22.29,74.62,6.79,36.63,lentil
69.7,43.4,41.5,28.67,80.08,5.87,208.9,rice
18.0,17.4,46.8,23.28,93.74,7.1,100.57,pomegranate
84.6,39.1,17.5,20.94,84.75,7.17,71.54,cotton
16.0,13.2,12.5,26.16,100.0,7.24,111.02,orange
24.3,60.0,15.2,26.08,90.75,6.89,43.62,mungbean
103.3,21.1,50.6,28.48,76.11,6.57,42.67,watermelon
28.9,16.3,37.4,25.36,94.61,5.76,163.22,coconut
97.1,16.2,36.8,27.21,84.9,6.6,45.91,watermelon
23.7,42.3,21.4,27.54,82.28,6.82,41.54,mungbean
37.6,57.7,18.0,35.24,61.25,6.78,51.87,blackgram
10.7,64.0,26.2,17.52,14.28,5.66,127.06,kidneybeans
21.0,60.3,27.4,25.05,84.49,6.5,56.23,mungbean
16.8,59.0,16.0,19.52,72.69,6.66,27.5,lentil
72.0,61.9,48.4,32.68,88.97,6.5,141.46,papaya
89.8,15.3,49.0,27.18,88.47,6.67,15.07,muskmelon
97.2,20.7,50.6,25.76,91.71,6.6,26.86,muskmelon
11.7,13.7,36.1,33.14,96.59,5.95,181.17,coconut
15.0,12.6,36.6,23.26,92.25,5.49,205.61,coconut
20.9,10.8,38.9,18.71,90.9,6.07,117.79,pomegranate
27.5,71.9,22.0,20.71,26.8,6.59,105.19,kidneybeans
21.2,12.5,29.5,33.65,99.36,6.21,141.25,coconut
35.4,74.7,70.6,18.21,14.85,7.6,78.87,chickpea
37.7,62.9,35.6,29.56,96.52,7.59,100.42,papaya
105.4,61.7,14.1,22.98,76.36,5.95,81.75,maize
106.1,16.2,50.3,30.71,91.69,6.51,41.77,watermelon
25.2,54.9,88.0,19.55,23.23,7.77,81.02,chickpea
97.7,34.4,45.9,18.78,61.27,6.63,72.4,wheat
129.1,46.1,20.3,18.75,93.61,6.55,92.44,cotton
22.0,147.5,198.4,24.13,90.38,5.58,90.58,apple
27.2,124.1,191.1,33.42,80.99,5.97,53.68,grapes
28.7,69.0,68.6,20.76,15.58,7.61,82.74,chickpea
19.0,15.9,3.3,17.74,95.6,7.14,128.92,orange
29.9,69.3,13.0,26.76,38.11,5.13,116.64,pigeonpeas
30.7,130.4,212.4,24.29,88.55,6.14,128.0,apple
38.4,61.6,26.5,29.04,61.88,6.55,73.04,blackgram
83.7,24.6,42.8,27.51,85.25,6.46,62.67,watermelon
90.4,50.3,34.8,28.0,67.77,6.12,89.65,maize
15.9,54.2,25.9,23.3,72.68,6.37,22.55,lentil
25.8,62.4,27.0,20.54,45.98,5.9,133.17,pigeonpeas
23.5,114.7,194.8,28.92,84.24,6.04,109.22,apple
24.4,15.5,39.7,24.16,95.61,5.75,146.82,coconut
95.2,40.9,43.0,24.01,95.6,5.47,255.86,rice
47.0,49.1,46.4,33.04,94.3,6.95,154.63,papaya
23.6,129.7,230.2,19.4,90.53,6.2,120.05,apple
11.0,22.2,39.5,23.61,96.29,6.16,141.6,coconut
90.1,28.3,21.3,27.62,72.59,7.09,153.22,coffee
16.3,48.1,21.9,25.93,82.03,6.5,49.83,mungbean
51.2,59.0,36.5,32.82,92.43,6.5,138.65,papaya
25.2,18.5,27.2,30.41,44.81,5.87,64.13,mango
83.9,68.8,48.7,25.8,71.39,6.48,126.16,banana
48.7,70.7,78.1,22.66,14.21,7.86,77.11,chickpea
105.6,37.5,39.3,20.97,56.66,6.43,74.74,wheat
26.2,18.2,12.5,21.12,91.72,6.42,118.09,orange
19.4,70.7,16.2,21.9,23.64,5.4,123.9,kidneybeans
72.1,75.0,11.7,19.27,70.64,7.38,65.15,maize
91.3,87.6,44.2,30.33,72.6,6.08,110.15,banana
12.9,11.0,37.9,18.23,91.79,5.8,100.85,pomegranate
122.0,25.4,24.5,22.87,64.76,7.5,148.14,coffee
24.0,74.6,21.0,25.12,57.44,6.75,41.06,lentil
42.2,76.4,23.8,24.48,52.94,7.16,73.98,blackgram
20.6,22.4,52.5,22.6,86.43,6.1,87.9,pomegranate
10.9,21.7,32.7,30.59,43.19,4.4,90.03,mango
18.1,66.8,20.3,28.25,59.82,6.32,47.95,lentil
60.2,59.5,16.9,24.29,55.82,6.44,94.25,maize
77.5,65.4,31.9,24.88,100.0,5.97,190.14,rice
24.7,25.3,39.6,23.2,89.95,6.94,123.71,pomegranate
50.8,37.6,45.7,36.63,92.02,6.23,118.58,papaya
115.8,16.9,26.4,25.85,52.46,6.95,162.5,coffee
71.5,52.2,49.5,23.94,83.57,6.48,267.54,rice
131.4,31.8,41.9,16.8,67.24,6.83,86.31,wheat
31.0,43.3,20.8,23.35,80.01,7.07,55.26,mungbean
21.9,131.0,199.8,16.8,84.89,6.31,77.76,grapes
90.7,39.9,44.9,26.84,78.39,7.31,188.88,jute
22.0,124.7,192.4,20.52,93.24,6.01,118.09,apple
21.3,21.5,31.4,23.95,84.63,6.49,126.52,pomegranate
17.7,49.8,17.7,26.02,43.29,5.41,128.95,pigeonpeas
57.9,52.7,45.3,22.35,87.32,6.16,191.7,jute
12.5,20.7,49.2,22.46,89.84,6.38,76.06,pomegranate
23.0,18.8,12.3,24.59,89.82,6.21,100.42,orange
60.2,56.6,37.5,31.12,93.04,6.72,96.97,papaya
20.6,50.1,27.4,25.67,84.07,6.19,58.49,mungbean
97.6,45.4,38.8,18.72,61.33,6.84,52.53,wheat
115.9,55.1,17.0,24.61,80.67,6.34,47.06,cotton
94.5,33.6,33.3,26.3,60.75,7.26,185.55,coffee
17.2,73.9,16.4,30.35,59.66,5.86,118.16,pigeonpeas
92.2,23.4,36.5,21.17,58.47,6.62,159.83,coffee
85.3,44.4,45.8,19.24,51.42,6.48,76.4,wheat
71.4,59.5,13.2,25.74,63.6,6.32,97.77,maize
74.1,60.0,46.6,24.01,74.85,6.68,216.09,rice
18.9,50.1,19.4,32.71,90.7,6.17,36.74,mungbean
100.0,40.0,35.0,23.13,40.94,6.73,81.89,wheat
20.8,24.2,31.0,30.15,53.03,6.38,102.92,mango
16.6,40.7,25.1,34.25,59.96,6.95,65.49,mothbeans
128.0,15.9,55.1,35.62,92.02,6.19,17.41,muskmelon
83.5,53.0,12.5,17.15,73.96,6.18,58.73,maize
46.5,57.4,13.1,35.73,70.46,7.05,70.68,blackgram
125.9,50.6,24.2,27.26,85.12,6.98,83.18,cotton
13.2,62.0,15.8,18.36,52.37,6.96,35.69,lentil
23.6,126.0,199.1,24.54,79.34,6.39,76.0,grapes
89.9,10.4,50.3,22.93,82.58,6.17,61.12,watermelon
22.8,64.0,22.2,32.85,69.74,6.87,51.69,lentil
43.4,66.6,63.6,34.87,95.03,5.82,136.3,papaya
43.2,63.9,25.9,32.44,56.06,7.19,86.83,blackgram
26.6,74.7,12.6,26.31,72.85,7.32,64.6,lentil
28.9,121.4,208.2,27.11,88.68,5.61,137.14,apple
95.3,22.2,50.5,28.58,93.61,5.99,19.31,muskmelon
37.6,56.9,84.8,21.52,13.92,6.57,85.9,chickpea
16.8,46.2,13.2,28.74,47.52,7.24,56.58,mothbeans
31.3,66.1,72.2,20.58,18.11,7.35,108.41,chickpea
26.5,71.4,82.6,18.09,13.79,7.27,93.26,chickpea
73.7,48.0,22.9,25.73,56.28,6.29,66.09,maize
35.9,56.0,90.2,25.36,10.08,7.2,78.34,chickpea
24.8,13.2,1.8,16.74,100.0,6.55,127.03,orange
47.5,55.1,72.1,20.91,15.01,7.08,67.09,chickpea
46.1,76.1,16.1,31.35,64.55,7.21,81.85,blackgram
30.1,128.2,197.8,30.0,85.8,5.74,42.26,grapes
24.4,20.8,27.6,26.2,95.96,6.17,173.87,coconut
92.9,17.2,55.8,27.3,83.63,6.61,65.4,watermelon
114.3,50.8,50.9,20.09,81.27,6.56,287.37,rice
86.9,27.5,37.8,15.7,62.69,7.28,102.88,wheat
43.7,55.8,49.1,33.23,85.74,7.09,131.67,papaya
24.7,78.0,18.9,21.11,17.94,6.22,92.63,kidneybeans
23.4,46.5,18.5,30.74,83.64,6.8,36.65,mungbean
23.2,28.6,26.9,32.83,49.19,6.29,91.69,mango
17.8,16.2,34.7,32.29,56.45,5.6,115.09,mango
24.7,32.8,17.2,32.37,49.27,6.76,84.72,mothbeans
9.8,21.7,35.4,28.66,49.83,6.23,78.99,mango
39.0,65.4,24.1,34.43,61.45,7.16,54.12,blackgram
93.9,60.2,26.3,23.84,55.19,6.86,58.92,maize
88.1,41.3,46.1,23.18,54.65,6.44,108.1,wheat
106.6,49.1,38.6,25.72,77.54,6.57,168.32,jute
110.4,17.6,52.2,29.01,88.4,6.6,43.91,watermelon
25.3,45.1,15.6,26.71,45.63,6.12,51.76,mothbeans
45.5,52.6,23.3,28.47,68.9,6.18,62.79,blackgram
89.9,17.7,58.5,23.7,87.63,6.03,26.78,muskmelon
43.2,70.7,80.7,19.87,12.39,6.97,67.22,chickpea
16.7,29.8,34.2,33.67,52.63,5.63,96.56,mango
95.9,22.7,22.8,25.92,65.73,6.98,157.73,coffee
112.6,36.3,17.7,31.77,86.15,7.45,59.0,cotton
27.1,158.1,182.8,24.92,96.06,5.83,98.36,apple
22.0,40.3,19.1,28.92,88.77,6.61,37.17,mungbean
25.0,17.3,12.9,17.08,93.58,7.63,135.39,orange
35.7,59.1,17.5,34.03,69.46,6.18,78.3,blackgram
17.3,158.0,199.1,24.41,88.81,5.77,73.64,apple
21.9,70.8,14.8,27.87,44.58,5.65,153.12,pigeonpeas
71.8,52.5,41.8,26.39,80.33,6.02,168.02,jute
74.6,45.8,38.0,23.43,81.05,6.52,163.0,jute
15.7,21.3,7.5,23.73,90.45,6.41,107.25,orange
18.5,55.4,20.7,16.09,11.86,5.26,96.23,kidneybeans
63.0,40.6,36.9,24.29,74.41,6.57,182.3,jute
40.5,78.4,23.3,32.3,69.18,7.12,71.51,blackgram
122.3,51.0,19.9,21.93,77.09,7.66,62.2,cotton
28.6,25.8,30.5,29.6,49.84,5.41,77.78,mango
29.1,131.1,203.9,20.46,89.53,5.28,136.88,apple
27.7,11.0,47.4,18.82,88.04,5.84,100.96,pomegranate
26.6,152.5,197.5,18.98,86.4,6.26,94.34,apple
49.2,76.7,66.1,19.15,16.93,6.87,55.64,chickpea
23.8,72.8,17.3,19.93,26.89,5.04,117.87,kidneybeans
20.5,20.0,29.9,21.13,92.74,6.14,154.41,coconut
24.2,63.7,35.1,25.38,55.29,6.19,85.98,mothbeans
84.6,13.7,57.4,25.79,93.67,6.6,26.55,muskmelon
11.7,49.9,17.8,28.26,47.74,6.87,39.13,mothbeans
18.3,16.7,29.2,31.44,98.29,6.09,186.6,coconut
17.9,148.5,175.9,25.72,87.54,5.91,119.54,apple
25.8,71.7,14.2,19.84,70.31,7.28,39.99,lentil
95.3,86.2,46.2,24.02,80.39,6.58,102.41,banana
70.5,48.7,41.7,24.11,88.81,6.51,225.55,rice
41.0,67.8,48.5,36.65,89.4,7.12,167.96,papaya
92.5,91.7,49.8,30.56,78.11,6.04,94.76,banana
12.6,46.9,24.0,28.76,48.22,7.05,58.26,mothbeans
12.1,75.0,26.0,29.49,62.92,7.88,48.47,lentil
100.5,17.7,49.2,30.76,89.18,6.84,22.43,muskmelon
23.3,5.6,41.1,22.75,88.0,6.84,124.94,pomegranate
34.4,51.5,21.0,30.02,77.1,6.36,56.05,mungbean
17.9,12.8,9.4,21.7,91.18,7.54,129.03,orange
30.7,71.7,19.7,29.98,67.22,6.77,50.52,blackgram
15.4,54.3,13.7,28.06,48.32,6.51,48.32,mothbeans
31.1,51.6,13.3,28.63,50.91,6.96,54.88,mothbeans
18.2,4.3,36.6,25.36,96.67,6.65,193.0,coconut
60.0,54.1,31.3,26.03,75.28,7.17,163.54,jute
20.0,123.4,213.1,20.26,91.63,6.75,115.0,apple
95.6,54.1,35.1,21.99,86.17,5.64,225.02,rice
14.6,60.0,11.3,31.02,56.43,6.54,42.65,mothbeans
76.5,47.0,42.4,26.44,86.74,7.03,133.34,jute
85.2,45.0,44.0,24.29,77.12,6.36,145.35,jute
17.0,131.0,203.2,26.31,77.97,5.23,68.06,grapes
96.2,43.1,32.0,28.97,51.26,8.0,170.19,coffee
20.3,121.4,186.1,20.73,96.17,6.07,107.5,apple
108.0,50.2,20.2,21.68,72.75,7.28,64.27,cotton
20.2,21.9,12.3,20.88,84.79,6.66,102.87,orange
22.4,12.4,7.2,26.88,94.59,7.8,91.24,orange
90.3,88.0,49.2,27.12,81.3,5.89,114.03,banana
88.0,16.5,49.2,28.55,89.02,6.73,20.33,muskmelon
94.3,31.7,23.0,21.31,53.62,6.84,189.5,coffee
18.7,27.0,36.8,30.49,46.32,6.51,92.68,mango
100.9,38.4,58.4,17.18,51.68,6.58,61.46,wheat
15.8,41.3,21.3,30.68,83.85,6.9,45.69,mungbean
27.7,18.2,33.9,21.26,93.72,6.17,124.77,pomegranate
24.9,27.0,38.5,37.34,35.48,5.81,122.8,mango
24.6,76.3,17.0,28.83,59.14,5.47,189.96,pigeonpeas
16.2,29.9,37.3,32.06,48.93,5.45,91.03,mango
79.4,44.0,45.0,18.25,46.5,6.94,68.77,wheat
80.3,52.7,40.4,23.78,86.81,6.17,156.65,jute
71.8,52.7,45.5,27.87,80.46,5.6,221.95,rice
6.5,11.1,24.0,23.33,95.65,6.23,113.61,coconut
117.7,20.1,51.4,29.48,90.85,6.66,29.71,muskmelon
72.4,58.5,17.0,22.96,69.32,6.1,67.67,maize
103.6,21.4,49.3,29.76,97.69,6.05,23.74,muskmelon
18.7,126.8,210.0,18.9,86.55,5.92,76.19,grapes
25.1,9.8,48.9,22.59,84.9,6.89,134.97,pomegranate
20.3,66.2,22.7,21.95,29.9,5.14,100.44,kidneybeans
28.4,79.5,19.2,32.57,45.55,5.55,129.28,pigeonpeas
17.8,125.5,181.0,18.88,85.42,5.99,117.93,apple
68.6,32.2,34.0,27.21,90.7,6.32,173.32,jute
14.0,22.2,22.9,35.1,63.1,5.16,92.52,mango
23.6,18.9,7.9,22.6,98.32,6.61,106.91,orange
48.3,66.4,20.7,29.0,62.83,7.01,71.57,blackgram
26.8,126.0,199.6,21.84,95.34,5.24,120.99,apple
19.8,61.5,16.9,25.08,71.71,6.37,54.15,lentil
99.1,44.6,24.2,29.52,59.23,6.16,95.09,maize
15.3,14.3,12.3,19.77,86.16,6.4,134.65,orange
51.1,75.9,83.3,15.96,19.19,7.57,85.31,chickpea
18.0,26.3,32.8,27.17,99.64,5.31,188.26,coconut
71.1,50.6,14.0,27.7,49.65,6.36,75.17,maize
16.2,56.8,18.7,15.69,25.1,5.7,87.71,kidneybeans
99.0,23.0,40.2,26.16,78.09,7.2,52.93,watermelon
92.5,53.0,37.7,23.44,60.82,5.94,81.12,wheat
90.1,28.1,57.3,24.45,95.86,6.12,15.9,muskmelon
14.7,20.1,33.3,21.23,84.64,6.44,90.27,pomegranate
89.0,11.2,44.4,23.63,86.96,6.4,55.7,watermelon
21.9,17.1,22.3,28.31,93.68,5.64,150.43,coconut
54.5,41.9,23.8,20.62,62.75,6.02,82.43,maize
11.9,54.5,16.3,31.35,86.07,6.44,56.94,mungbean
22.8,65.9,20.9,28.35,45.99,5.69,127.82,pigeonpeas
20.4,64.3,10.2,32.68,53.57,5.13,153.79,pigeonpeas
21.7,74.6,11.7,20.01,26.42,6.24,89.61,kidneybeans
67.4,58.8,20.6,23.11,69.45,5.58,96.88,maize
20.1,19.0,37.7,30.24,55.02,6.03,94.63,mango
9.3,26.8,27.3,23.55,88.2,6.79,116.28,pomegranate
18.5,140.3,212.4,20.38,92.78,5.9,59.07,grapes
27.7,123.5,199.5,16.64,77.1,5.62,58.31,grapes
34.7,72.4,79.8,18.62,16.9,7.05,66.93,chickpea
118.9,38.0,34.3,25.11,62.88,7.01,168.83,coffee
94.1,11.9,56.7,27.95,95.87,6.08,32.7,muskmelon
113.3,41.8,22.9,25.91,71.91,6.75,71.16,cotton
15.6,17.8,21.1,29.12,56.19,5.57,91.02,mango
120.3,17.2,33.1,22.78,63.66,7.27,143.62,coffee
26.7,143.1,200.8,20.7,97.01,5.86,135.93,apple
19.3,15.6,43.4,19.73,91.84,5.87,127.83,pomegranate
20.8,16.0,10.6,18.64,87.05,6.56,119.71,orange
22.7,11.9,45.9,19.41,89.17,7.09,111.83,pomegranate
101.2,17.0,62.5,29.15,95.73,6.94,27.2,muskmelon
23.4,133.2,226.9,22.03,90.05,6.1,125.52,apple
18.6,52.0,14.8,25.59,87.1,6.46,37.71,mungbean
29.8,142.6,196.0,20.83,80.67,5.99,58.3,grapes
11.2,73.2,18.6,24.27,60.36,6.47,52.17,lentil
15.5,73.9,24.6,22.04,25.81,5.26,100.42,kidneybeans
89.7,33.7,41.6,24.79,83.88,6.9,173.34,jute
9.6,152.1,208.9,21.98,93.52,5.66,136.26,apple
81.9,84.9,45.8,28.55,84.49,6.28,115.03,banana
33.5,59.7,49.2,39.42,92.61,7.08,121.81,papaya
44.1,60.7,87.8,21.54,12.8,7.02,72.11,chickpea
108.6,68.7,48.0,27.82,80.83,6.33,63.19,banana
44.2,67.5,83.5,19.91,17.67,7.16,65.41,chickpea
18.0,75.9,16.8,30.03,60.4,5.94,137.8,pigeonpeas
57.9,56.8,43.6,32.44,93.77,6.22,153.59,papaya
10.5,144.9,182.5,26.14,100.0,6.48,109.42,apple
71.5,47.3,46.0,21.83,80.24,5.48,202.53,rice
79.7,48.0,40.8,21.25,53.05,6.09,65.32,wheat
88.8,33.0,32.4,26.13,49.19,6.64,148.25,coffee
13.2,64.3,28.0,35.19,50.96,6.5,180.2,pigeonpeas
63.9,39.8,41.3,26.99,74.62,6.9,182.86,jute
88.2,48.5,7.6,20.95,77.14,6.93,87.09,maize
17.2,22.1,29.3,22.16,98.27,5.88,208.44,coconut
20.6,18.6,24.7,29.23,99.27,6.41,149.96,coconut
78.2,47.1,9.1,20.14,49.4,6.85,101.45,maize
16.4,154.1,190.2,25.42,92.87,6.16,82.45,apple
16.4,20.7,13.5,21.9,92.43,7.87,105.66,orange
95.4,37.9,40.7,16.44,54.79,6.16,78.66,wheat
121.5,80.0,49.6,27.64,82.57,5.71,106.09,banana
131.3,77.4,54.6,30.68,82.71,6.46,107.88,banana
27.9,52.4,15.3,28.82,84.96,7.36,54.07,mungbean
92.6,43.4,49.7,18.05,45.84,7.02,81.21,wheat
21.0,132.7,225.0,16.71,80.39,5.71,67.25,grapes
17.4,20.4,6.7,21.32,88.04,7.31,114.0,orange
39.2,61.0,79.6,20.17,19.04,7.97,72.49,chickpea
31.5,62.0,14.1,28.51,52.4,5.55,114.35,pigeonpeas
15.2,15.4,51.8,15.67,85.94,6.04,121.49,pomegranate
28.7,72.7,27.5,27.78,48.88,6.13,178.97,pigeonpeas
123.9,41.6,22.5,27.3,82.33,7.21,85.86,cotton
20.9,26.1,27.5,34.72,52.18,5.97,72.81,mango
127.5,80.5,53.0,27.01,77.98,5.54,88.48,banana
98.9,17.7,44.4,23.08,86.62,5.78,55.89,watermelon
23.8,56.7,9.0,29.79,58.23,6.85,41.37,mothbeans
87.1,31.5,37.0,24.83,85.85,5.6,239.78,rice
19.5,138.5,206.3,19.87,78.7,6.43,56.87,grapes
25.0,141.1,183.9,19.52,93.32,6.09,114.71,apple
38.8,62.3,77.6,18.95,18.95,7.07,65.49,chickpea
128.7,40.9,24.3,20.28,87.3,6.98,65.8,cotton
17.0,128.5,220.4,31.03,77.53,6.72,69.47,grapes
14.4,20.0,40.7,15.79,90.51,6.72,93.65,pomegranate
87.9,51.9,38.0,21.6,47.19,6.3,90.35,wheat
77.4,36.8,26.7,32.35,54.87,7.12,148.06,coffee
27.2,52.7,22.4,26.05,87.73,6.94,49.06,mungbean
14.2,139.7,203.3,28.05,88.46,5.72,70.21,grapes
113.1,36.4,38.9,25.93,56.14,6.67,211.26,coffee
32.8,134.0,191.5,22.06,89.98,5.36,113.4,apple
17.0,12.7,34.6,21.61,97.83,5.95,175.73,coconut
46.2,69.3,21.8,36.58,76.29,7.24,72.07,blackgram
10.7,74.0,16.8,30.65,73.03,7.44,51.91,lentil
5.1,78.0,4.2,24.07,16.71,5.16,102.82,kidneybeans
15.3,139.0,203.0,24.82,92.7,5.74,127.04,apple
44.8,74.7,19.9,31.63,68.33,7.31,82.14,blackgram
21.1,51.1,20.7,25.39,55.69,6.7,46.05,mothbeans
87.0,22.3,52.2,22.8,84.17,6.41,68.88,watermelon
102.9,20.3,31.0,24.81,54.09,6.6,147.3,coffee
37.5,76.3,13.7,15.39,21.56,6.33,118.14,kidneybeans
31.3,74.3,26.3,34.08,67.17,7.08,78.78,blackgram
30.3,75.9,74.5,15.4,12.4,7.35,98.98,chickpea
19.1,31.6,26.2,32.3,51.66,5.83,118.47,mango
55.6,72.1,86.9,17.41,22.83,7.36,101.79,chickpea
67.0,55.2,32.2,20.51,75.39,6.38,80.27,maize
98.1,46.2,39.2,25.35,83.48,6.74,237.17,rice
12.7,14.5,9.9,23.32,87.13,6.6,105.23,orange
63.2,43.3,16.2,25.16,73.95,5.41,79.18,maize
46.3,60.1,37.4,38.94,92.5,7.15,156.02,papaya
76.2,54.9,33.1,28.12,66.94,7.7,142.08,jute
26.4,46.4,17.0,24.54,47.31,6.38,40.35,mothbeans
16.2,17.9,28.0,24.37,92.71,5.78,146.62,coconut
18.6,120.2,177.9,19.16,93.97,6.16,114.61,apple
25.7,18.2,36.2,25.44,95.39,6.27,100.21,pomegranate
24.7,59.8,26.1,30.13,51.92,6.0,113.01,pigeonpeas
20.8,16.8,8.4,18.42,93.57,6.72,107.23,orange
100.3,52.0,40.0,16.62,65.25,5.87,101.83,wheat
22.3,63.7,13.3,23.57,52.77,6.87,38.33,lentil
116.1,50.9,17.2,24.27,94.08,7.62,67.66,cotton
71.7,44.6,39.7,28.45,89.62,7.05,180.27,jute
26.8,140.1,187.5,28.43,86.66,6.1,102.75,apple
71.2,49.5,35.4,21.9,75.75,6.7,130.8,jute
20.5,15.8,40.3,28.98,94.34,6.34,118.68,pomegranate
17.2,80.0,16.8,26.24,68.01,6.79,22.86,lentil
109.2,58.8,18.9,29.42,71.76,6.61,61.58,cotton
76.0,45.8,40.9,24.7,88.98,6.73,238.32,rice
34.2,65.7,20.3,24.81,68.68,5.4,137.21,pigeonpeas
72.3,82.5,48.5,22.67,86.65,6.05,64.45,banana
13.6,145.3,195.2,21.13,94.65,5.99,124.32,apple
16.1,82.1,20.2,22.52,61.74,7.02,30.08,lentil
116.7,19.5,55.1,22.96,92.67,6.67,64.69,watermelon
18.4,54.9,20.5,24.83,51.55,6.12,44.32,mothbeans
32.5,60.7,16.0,26.71,37.52,6.57,134.51,pigeonpeas
107.4,12.0,48.2,28.26,91.6,6.6,19.27,muskmelon
22.0,71.0,17.7,13.42,23.97,5.41,131.33,kidneybeans
7.9,140.8,203.3,20.82,87.77,5.91,65.58,grapes
11.0,56.2,21.7,30.26,46.67,6.27,49.68,mothbeans
86.2,39.1,26.9,25.42,67.07,6.8,125.45,coffee
52.4,56.9,50.4,34.31,93.19,6.94,157.46,papaya
60.5,48.3,16.9,28.28,51.6,6.48,63.69,maize
23.0,47.6,24.2,33.51,53.01,7.06,43.0,mothbeans
14.9,24.2,36.6,31.84,46.81,5.99,74.57,mango
102.9,35.6,14.2,28.17,79.89,6.28,53.24,cotton
56.2,59.4,52.3,34.42,94.86,7.16,175.1,papaya
14.0,16.7,42.1,21.18,94.02,6.71,130.46,pomegranate
114.5,48.4,33.4,20.8,62.38,6.37,56.7,wheat
22.3,16.3,6.2,21.46,87.71,8.17,113.35,orange
27.3,27.6,50.9,22.33,91.84,6.09,88.06,pomegranate
22.6,21.3,36.9,23.0,87.33,6.17,113.13,pomegranate
84.1,19.0,58.1,28.32,88.18,6.0,34.44,muskmelon
79.2,23.7,49.9,24.61,92.28,6.87,17.93,muskmelon
93.5,74.7,34.9,31.65,76.46,5.54,89.7,banana
19.1,20.3,10.0,26.66,93.28,6.84,99.58,orange
105.1,51.4,40.0,16.2,67.91,6.73,54.4,wheat
96.3,65.9,41.3,25.45,80.38,6.48,106.29,banana
14.8,43.8,15.3,26.17,76.26,6.45,59.18,mungbean
15.1,125.4,207.2,23.06,92.7,5.77,126.96,apple
34.9,61.2,41.0,31.39,98.77,6.04,175.6,papaya
16.8,75.3,26.6,19.27,14.76,5.45,113.68,kidneybeans
120.4,18.7,52.4,25.62,85.0,7.0,44.76,watermelon
91.5,15.8,37.4,21.84,87.01,5.45,23.54,muskmelon
35.7,133.1,203.3,21.69,77.33,5.91,92.77,grapes
20.6,62.7,21.1,33.15,74.76,6.54,58.4,lentil
100.1,63.1,46.6,29.61,79.45,5.6,125.36,banana
10.0,12.1,32.4,30.29,96.71,6.05,178.32,coconut
27.6,53.3,18.9,27.53,87.31,6.85,31.07,mungbean
17.8,19.9,40.8,21.5,86.18,6.56,116.33,pomegranate
133.9,48.3,22.7,24.07,92.94,6.83,70.76,cotton
97.5,47.3,52.2,23.89,50.99,7.03,65.77,wheat
28.4,20.6,7.9,17.35,88.22,6.78,80.28,orange
123.6,33.0,24.9,20.51,59.96,7.38,147.22,coffee
20.9,76.0,15.9,14.98,20.52,5.81,75.6,kidneybeans
90.0,20.4,37.8,24.61,60.05,6.24,171.22,coffee
31.6,78.1,83.5,19.41,17.94,6.87,101.04,chickpea
20.5,10.5,43.0,24.04,90.74,6.68,108.25,pomegranate
18.7,59.3,15.4,22.58,19.72,5.74,95.47,kidneybeans
29.0,57.7,14.6,24.7,71.91,7.24,40.56,lentil
110.0,21.7,48.0,28.12,87.41,6.9,39.58,watermelon
78.0,33.7,39.6,18.77,65.86,6.68,71.08,wheat
11.7,24.4,27.0,20.93,93.22,6.09,86.23,pomegranate
77.9,49.6,21.1,19.43,63.8,5.5,89.39,maize
25.3,17.7,37.7,31.41,96.98,5.55,171.57,coconut
18.9,143.1,183.6,20.57,95.24,6.11,110.63,apple
44.5,58.0,50.6,38.14,97.76,6.88,96.04,papaya
21.2,44.7,19.8,29.74,44.8,5.94,48.7,mothbeans
113.5,40.2,18.9,23.96,78.96,6.59,46.93,cotton
16.5,22.7,6.2,20.09,90.83,6.44,68.99,orange
17.5,32.0,29.3,30.12,56.57,7.21,41.02,mothbeans
100.5,84.4,36.5,29.62,77.9,6.01,112.86,banana
132.8,56.1,20.8,18.1,76.19,7.27,67.8,cotton
99.7,45.0,14.7,26.17,79.3,7.13,78.69,cotton
18.3,48.3,11.4,25.54,48.32,6.29,49.22,mothbeans
46.3,79.2,71.7,18.79,19.55,7.6,88.37,chickpea
60.1,73.7,89.0,18.01,20.57,7.61,64.72,chickpea
23.8,132.6,208.6,23.91,93.58,5.29,100.77,apple
13.8,30.1,31.4,31.52,45.71,5.99,87.72,mango
42.2,69.0,80.5,16.51,16.23,7.79,88.15,chickpea
90.8,17.0,50.3,31.29,95.88,6.49,28.03,muskmelon
26.1,37.3,25.4,27.97,76.86,6.48,44.52,mungbean
17.5,39.3,28.3,27.17,82.4,6.75,56.64,mungbean
34.1,77.7,90.0,18.26,25.29,7.31,76.37,chickpea
17.2,14.7,31.5,28.34,99.12,6.31,136.66,coconut
28.0,114.9,230.2,29.16,80.84,6.73,71.65,grapes
23.4,20.3,27.9,28.27,94.45,6.28,152.26,coconut
27.2,19.1,6.9,15.95,90.65,7.22,90.54,orange
98.4,44.9,35.5,17.48,56.54,6.66,59.25,wheat
85.6,31.0,29.1,26.73,52.56,6.82,136.58,coffee
18.2,22.2,31.2,19.38,90.94,6.43,110.99,pomegranate
86.3,41.5,42.1,18.44,63.88,6.12,49.03,wheat
78.4,59.5,22.1,33.61,63.05,6.59,93.29,maize
18.9,49.7,17.0,26.68,78.35,6.54,30.53,mungbean
90.9,34.3,20.9,20.15,63.78,7.17,149.32,coffee
51.6,50.9,34.2,24.33,79.21,7.09,192.3,rice
14.4,19.9,9.3,27.91,89.85,6.91,88.64,orange
101.2,20.5,32.4,32.54,95.92,6.55,27.87,muskmelon
109.2,47.5,21.2,21.22,75.71,7.4,104.01,cotton
59.5,73.9,70.3,35.14,86.25,7.04,137.79,papaya
